Stock_Code,Date,Mean_Sentiment_Score
ADANIPORTS,8/3/2022,0.104909091
ADANIPORTS,8/4/2022,0.24416875
ADANIPORTS,8/5/2022,0.133966667
ADANIPORTS,8/6/2022,0
ADANIPORTS,8/8/2022,0
ADANIPORTS,8/10/2022,-0.1531
APOLLOHOSP,5/20/2022,0.5574
APOLLOHOSP,5/22/2022,0.296
APOLLOHOSP,5/25/2022,0
APOLLOHOSP,5/26/2022,0.2997
APOLLOHOSP,5/27/2022,0.5784
APOLLOHOSP,5/30/2022,0.5574
APOLLOHOSP,5/31/2022,0
APOLLOHOSP,6/1/2022,0.4019
APOLLOHOSP,6/2/2022,0.210033333
APOLLOHOSP,6/3/2022,0.395466667
APOLLOHOSP,6/5/2022,-0.7146
APOLLOHOSP,6/10/2022,0.34895
APOLLOHOSP,6/13/2022,0.296
APOLLOHOSP,6/14/2022,0.4019
APOLLOHOSP,6/15/2022,0.3404
APOLLOHOSP,6/16/2022,0.296
APOLLOHOSP,6/19/2022,-0.6249
APOLLOHOSP,6/20/2022,0.2633
APOLLOHOSP,6/21/2022,0.4477
APOLLOHOSP,6/22/2022,0.296
APOLLOHOSP,6/23/2022,0
APOLLOHOSP,6/24/2022,0.743
APOLLOHOSP,6/27/2022,0.581433333
APOLLOHOSP,6/28/2022,0.5994
APOLLOHOSP,6/29/2022,0.50065
ASIANPAINT,6/20/2022,0.5994
ASIANPAINT,6/21/2022,0
ASIANPAINT,6/22/2022,0.6908
ASIANPAINT,6/23/2022,0.5994
ASIANPAINT,6/27/2022,0.161216667
ASIANPAINT,6/28/2022,0.065833333
ASIANPAINT,6/29/2022,-0.40835
ASIANPAINT,6/30/2022,0
ASIANPAINT,7/4/2022,0
ASIANPAINT,7/5/2022,0.572533333
ASIANPAINT,7/6/2022,0.6908
ASIANPAINT,7/12/2022,0.6908
ASIANPAINT,7/13/2022,0.4019
ASIANPAINT,7/16/2022,-0.2732
ASIANPAINT,7/18/2022,0.5994
ASIANPAINT,7/19/2022,0
ASIANPAINT,7/24/2022,0
ASIANPAINT,7/25/2022,0
ASIANPAINT,7/26/2022,0.229528571
ASIANPAINT,7/27/2022,0
ASIANPAINT,7/28/2022,0
ASIANPAINT,7/29/2022,0
ASIANPAINT,8/2/2022,0.3062
ASIANPAINT,8/3/2022,0.5574
AXISBANK,4/12/2022,0
AXISBANK,4/25/2022,-0.5859
AXISBANK,4/26/2022,0.5994
AXISBANK,4/28/2022,0
AXISBANK,4/29/2022,0.20095
AXISBANK,5/2/2022,0.1531
AXISBANK,5/5/2022,0.2023
AXISBANK,5/6/2022,0.4019
AXISBANK,5/7/2022,0
AXISBANK,5/11/2022,0.4019
AXISBANK,5/15/2022,0
AXISBANK,5/24/2022,0
AXISBANK,5/25/2022,0
AXISBANK,6/8/2022,0
AXISBANK,6/20/2022,0
AXISBANK,6/27/2022,0.11315
AXISBANK,6/29/2022,0.4019
AXISBANK,6/30/2022,0.4019
AXISBANK,7/6/2022,0
AXISBANK,7/7/2022,0.1027
AXISBANK,7/8/2022,0
AXISBANK,7/13/2022,-0.2023
AXISBANK,7/14/2022,0.4019
AXISBANK,7/19/2022,0.5994
AXISBANK,7/24/2022,0
AXISBANK,7/25/2022,0
AXISBANK,8/3/2022,0
AXISBANK,8/4/2022,0.2263
BAJAJ-AUTO,6/22/2022,0
BAJAJ-AUTO,6/23/2022,0
BAJAJ-AUTO,6/24/2022,0.247666667
BAJAJ-AUTO,6/26/2022,0
BAJAJ-AUTO,6/27/2022,0.16454
BAJAJ-AUTO,6/28/2022,0.26335
BAJAJ-AUTO,6/29/2022,0
BAJAJ-AUTO,6/30/2022,0.4019
BAJAJ-AUTO,7/1/2022,-0.296
BAJAJ-AUTO,7/3/2022,0.296
BAJAJ-AUTO,7/4/2022,-0.0326
BAJAJ-AUTO,7/5/2022,0
BAJAJ-AUTO,7/6/2022,0.2263
BAJAJ-AUTO,7/8/2022,0.2263
BAJAJ-AUTO,7/13/2022,0.296
BAJAJ-AUTO,7/14/2022,0.3612
BAJAJ-AUTO,7/18/2022,0.296
BAJAJ-AUTO,7/23/2022,-0.1027
BAJAJ-AUTO,7/25/2022,0
BAJAJ-AUTO,7/26/2022,0
BAJAJ-AUTO,7/27/2022,0.148
BAJAJ-AUTO,7/29/2022,0.5574
BAJAJFINSV,6/13/2022,0.207533333
BAJAJFINSV,6/15/2022,0.4019
BAJAJFINSV,6/17/2022,0.4019
BAJAJFINSV,6/21/2022,0.5994
BAJAJFINSV,6/23/2022,0
BAJAJFINSV,6/26/2022,0.4939
BAJAJFINSV,6/27/2022,0.4588
BAJAJFINSV,6/28/2022,0.5994
BAJAJFINSV,6/29/2022,0.06435
BAJAJFINSV,6/30/2022,0.176633333
BAJAJFINSV,7/1/2022,0.0998
BAJAJFINSV,7/5/2022,0.4019
BAJAJFINSV,7/6/2022,0.4588
BAJAJFINSV,7/7/2022,0
BAJAJFINSV,7/11/2022,0.1591
BAJAJFINSV,7/12/2022,0.1779
BAJAJFINSV,7/24/2022,0
BAJAJFINSV,7/25/2022,0
BAJAJFINSV,7/26/2022,0.370766667
BAJAJFINSV,7/27/2022,0
BAJAJFINSV,7/28/2022,0.328671429
BAJAJFINSV,7/29/2022,0.4267
BAJFINANCE,7/1/2022,0.133966667
BAJFINANCE,7/3/2022,0.0258
BAJFINANCE,7/4/2022,0.296
BAJFINANCE,7/5/2022,0
BAJFINANCE,7/6/2022,0.305866667
BAJFINANCE,7/11/2022,0.4588
BAJFINANCE,7/12/2022,0.4019
BAJFINANCE,7/14/2022,0.17
BAJFINANCE,7/15/2022,0.4019
BAJFINANCE,7/18/2022,0
BAJFINANCE,7/19/2022,0
BAJFINANCE,7/21/2022,0.5106
BAJFINANCE,7/24/2022,0
BAJFINANCE,7/26/2022,0.2787
BAJFINANCE,7/27/2022,0.1468
BAJFINANCE,7/28/2022,0.201642857
BAJFINANCE,7/29/2022,0.4267
BHARTIARTL,7/26/2022,0.09052
BHARTIARTL,7/27/2022,0.34255
BHARTIARTL,7/28/2022,0.2263
BHARTIARTL,7/29/2022,0.11315
BHARTIARTL,7/30/2022,0
BHARTIARTL,7/31/2022,0.2294
BHARTIARTL,8/1/2022,0.239542857
BHARTIARTL,8/2/2022,-0.29635
BHARTIARTL,8/3/2022,0
BHARTIARTL,8/4/2022,0
BHARTIARTL,8/5/2022,0.193266667
BHARTIARTL,8/8/2022,0.127266667
BPCL,2/10/2022,0.5994
BPCL,2/22/2022,-0.1115
BPCL,2/23/2022,0
BPCL,2/24/2022,0
BPCL,3/11/2022,0.5994
BPCL,3/22/2022,0.4817
BPCL,4/1/2022,0.5994
BPCL,4/19/2022,0
BPCL,4/20/2022,0.5994
BPCL,4/25/2022,0.4019
BPCL,5/18/2022,0.26495
BPCL,5/19/2022,-0.4019
BPCL,5/25/2022,0
BPCL,5/27/2022,0
BPCL,6/2/2022,0
BPCL,6/5/2022,0
BPCL,6/9/2022,0.5994
BPCL,6/22/2022,0.4019
BPCL,6/23/2022,0
BPCL,7/8/2022,0
BPCL,7/13/2022,0
BPCL,7/21/2022,0.5106
BPCL,8/1/2022,0
BPCL,8/8/2022,-0.5901
BRITANNIA,3/31/2022,0.5106
BRITANNIA,4/21/2022,0.4404
BRITANNIA,4/28/2022,0
BRITANNIA,5/2/2022,0.057733333
BRITANNIA,5/4/2022,0.133966667
BRITANNIA,5/5/2022,0.5994
BRITANNIA,6/6/2022,-0.5106
BRITANNIA,6/9/2022,0.2263
BRITANNIA,6/13/2022,0.4019
BRITANNIA,6/15/2022,0.2553
BRITANNIA,6/16/2022,0.4019
BRITANNIA,6/20/2022,0
BRITANNIA,6/22/2022,0
BRITANNIA,6/24/2022,0.296
BRITANNIA,6/26/2022,0
BRITANNIA,6/27/2022,0
BRITANNIA,7/3/2022,0
BRITANNIA,7/4/2022,0.5994
BRITANNIA,7/6/2022,0.4588
BRITANNIA,7/18/2022,0.5994
BRITANNIA,7/25/2022,0.5106
BRITANNIA,8/3/2022,0
BRITANNIA,8/4/2022,0
BRITANNIA,8/5/2022,-0.1591
CIPLA,5/2/2022,0.1531
CIPLA,5/10/2022,0
CIPLA,5/11/2022,0
CIPLA,6/1/2022,0.1366
CIPLA,6/2/2022,0.2732
CIPLA,6/6/2022,0
CIPLA,6/11/2022,0
CIPLA,6/14/2022,0.5574
CIPLA,6/15/2022,0
CIPLA,6/17/2022,0
CIPLA,6/18/2022,0
CIPLA,6/19/2022,0
CIPLA,6/27/2022,0
CIPLA,6/28/2022,0
CIPLA,6/30/2022,0.4019
CIPLA,7/4/2022,0
CIPLA,7/5/2022,0
CIPLA,7/6/2022,0.2023
CIPLA,7/7/2022,0.2997
CIPLA,7/12/2022,0
CIPLA,7/14/2022,0.1468
CIPLA,7/15/2022,0
CIPLA,7/16/2022,0
CIPLA,7/17/2022,0.5106
CIPLA,7/24/2022,0
CIPLA,7/26/2022,0
CIPLA,7/28/2022,-0.2732
CIPLA,7/29/2022,0
COALINDIA,6/12/2022,0
COALINDIA,6/15/2022,0.34
COALINDIA,6/16/2022,0.4019
COALINDIA,6/17/2022,0
COALINDIA,6/19/2022,0
COALINDIA,6/21/2022,0.6712
COALINDIA,6/22/2022,0
COALINDIA,6/23/2022,0.7034
COALINDIA,6/24/2022,0
COALINDIA,6/25/2022,0
COALINDIA,6/26/2022,0
COALINDIA,6/27/2022,0.076533333
COALINDIA,6/28/2022,0
COALINDIA,6/29/2022,0.148
COALINDIA,6/30/2022,0.5574
COALINDIA,7/1/2022,-0.296
COALINDIA,7/3/2022,-0.254533333
COALINDIA,7/4/2022,0.4267
COALINDIA,7/5/2022,-0.2732
COALINDIA,7/6/2022,-0.296
COALINDIA,7/7/2022,-0.3818
COALINDIA,7/8/2022,0
COALINDIA,7/11/2022,0.068
COALINDIA,7/12/2022,0.1779
COALINDIA,7/18/2022,0.4019
COALINDIA,7/20/2022,0
COALINDIA,7/25/2022,0
COALINDIA,7/27/2022,0
DIVISLAB,6/23/2021,0.4019
DIVISLAB,6/28/2021,0.3818
DIVISLAB,6/30/2021,0.3456
DIVISLAB,7/2/2021,0.5994
DIVISLAB,7/16/2021,0.2775
DIVISLAB,7/19/2021,0.4019
DIVISLAB,7/26/2021,-0.1779
DIVISLAB,7/27/2021,-0.3182
DIVISLAB,9/8/2021,0.4643
DIVISLAB,10/4/2021,0.5994
DIVISLAB,10/27/2021,0.4019
DIVISLAB,11/8/2021,0.2997
DIVISLAB,11/25/2021,0.5994
DIVISLAB,11/26/2021,0.4019
DIVISLAB,12/1/2021,0.5994
DIVISLAB,12/7/2021,0.5994
DIVISLAB,12/8/2021,0.5994
DIVISLAB,12/10/2021,0.4019
DIVISLAB,12/14/2021,0.4019
DIVISLAB,12/22/2021,0.5994
DIVISLAB,12/23/2021,0.5994
DIVISLAB,1/10/2022,0.5994
DIVISLAB,1/20/2022,0.4019
DIVISLAB,2/3/2022,0.4019
DIVISLAB,2/8/2022,0.5994
DIVISLAB,2/11/2022,0.59715
DIVISLAB,2/14/2022,0.4019
DIVISLAB,2/16/2022,0.4019
DIVISLAB,2/18/2022,0.29945
DIVISLAB,2/21/2022,0.128
DIVISLAB,3/23/2022,0.4019
DIVISLAB,3/31/2022,0.4019
DIVISLAB,4/7/2022,0.4019
DIVISLAB,5/6/2022,0.4019
DIVISLAB,5/23/2022,0.4019
DIVISLAB,5/24/2022,0.4019
DIVISLAB,5/26/2022,0.5994
DIVISLAB,7/13/2022,0.4019
DIVISLAB,7/27/2022,0.2023
EICHERMOT,2/11/2022,0
EICHERMOT,2/14/2022,0
EICHERMOT,2/15/2022,0.2997
EICHERMOT,2/22/2022,-0.6249
EICHERMOT,3/2/2022,0
EICHERMOT,3/3/2022,0.128
EICHERMOT,3/17/2022,0.4767
EICHERMOT,3/22/2022,0
EICHERMOT,3/25/2022,-0.204
EICHERMOT,3/28/2022,0.5574
EICHERMOT,3/29/2022,0.472333333
EICHERMOT,4/5/2022,0.3862
EICHERMOT,4/20/2022,0.0258
EICHERMOT,4/21/2022,0.41285
EICHERMOT,4/22/2022,0.4215
EICHERMOT,5/2/2022,0.4019
EICHERMOT,5/13/2022,0
EICHERMOT,5/16/2022,0.344266667
EICHERMOT,5/19/2022,0.4939
EICHERMOT,6/1/2022,0.3546
EICHERMOT,6/15/2022,0
EICHERMOT,6/17/2022,0.296
EICHERMOT,6/23/2022,0.5994
EICHERMOT,6/26/2022,0.296
EICHERMOT,6/27/2022,0.50065
EICHERMOT,6/28/2022,0.6808
EICHERMOT,6/30/2022,0.4019
EICHERMOT,7/1/2022,0
EICHERMOT,7/4/2022,0
EICHERMOT,7/6/2022,0
EICHERMOT,7/10/2022,0.4019
EICHERMOT,7/11/2022,0.133966667
EICHERMOT,7/12/2022,0.4019
EICHERMOT,7/19/2022,0
EICHERMOT,7/24/2022,0
EICHERMOT,7/28/2022,0
EICHERMOT,8/1/2022,0.2787
EICHERMOT,8/5/2022,-0.3182
GRASIM,1/20/2022,0.4019
GRASIM,2/10/2022,0.8658
GRASIM,2/11/2022,0
GRASIM,2/14/2022,0
GRASIM,2/15/2022,0
GRASIM,3/7/2022,-0.7003
GRASIM,3/10/2022,0.647133333
GRASIM,3/16/2022,0.4019
GRASIM,3/21/2022,0.176633333
GRASIM,3/22/2022,-0.25
GRASIM,3/30/2022,0.7717
GRASIM,4/8/2022,0.5994
GRASIM,4/11/2022,0.4019
GRASIM,4/12/2022,0.4019
GRASIM,4/21/2022,0
GRASIM,5/24/2022,0.4019
GRASIM,5/25/2022,0
GRASIM,6/3/2022,0.20095
GRASIM,6/9/2022,-0.5106
GRASIM,6/10/2022,0.4019
GRASIM,6/16/2022,0
GRASIM,6/20/2022,0.296
GRASIM,7/20/2022,0
GRASIM,7/27/2022,0.2023
HCLTECH,5/18/2022,0.3141
HCLTECH,5/23/2022,0.4019
HCLTECH,5/24/2022,0.4019
HCLTECH,5/27/2022,0
HCLTECH,6/2/2022,0.5177
HCLTECH,6/3/2022,0.6482
HCLTECH,6/5/2022,0
HCLTECH,6/6/2022,-0.7964
HCLTECH,6/7/2022,0
HCLTECH,6/8/2022,0.267333333
HCLTECH,6/9/2022,0
HCLTECH,6/11/2022,-0.4404
HCLTECH,6/12/2022,0.2568
HCLTECH,6/13/2022,0.47965
HCLTECH,6/16/2022,0.133966667
HCLTECH,6/17/2022,0.3682
HCLTECH,6/20/2022,0.2997
HCLTECH,6/21/2022,0
HCLTECH,6/22/2022,0.20095
HCLTECH,6/23/2022,0
HCLTECH,6/24/2022,0.5994
HCLTECH,6/26/2022,0.2202
HCLTECH,6/27/2022,0.5994
HCLTECH,6/29/2022,0.4019
HCLTECH,7/1/2022,0.2294
HCLTECH,7/4/2022,0.2997
HCLTECH,7/5/2022,0.4019
HCLTECH,7/6/2022,0.1998
HCLTECH,7/11/2022,0.133966667
HCLTECH,7/12/2022,0.07556
HCLTECH,7/13/2022,0.032175
HCLTECH,7/14/2022,0.4019
HCLTECH,7/15/2022,0.44025
HCLTECH,7/17/2022,0.7783
HCLTECH,7/18/2022,0
HCLTECH,7/19/2022,0.256466667
HDFCBANK,7/18/2022,0.298466667
HDFCBANK,7/19/2022,-0.21075
HDFCBANK,7/20/2022,0
HDFCBANK,7/21/2022,0.2263
HDFCBANK,7/22/2022,-0.2732
HDFCBANK,7/23/2022,0.4767
HDFCBANK,7/24/2022,0.30082
HDFCBANK,7/25/2022,0.2331875
HDFCBANK,7/26/2022,0.350666667
HDFCBANK,7/27/2022,0.134
HDFCBANK,7/29/2022,0.4404
HDFCBANK,7/30/2022,0
HDFCBANK,8/2/2022,0.233866667
HDFCBANK,8/3/2022,0.09545
HDFCBANK,8/4/2022,-0.395025
HDFCBANK,8/5/2022,0.4767
HDFCBANK,8/6/2022,0
HDFCBANK,8/8/2022,0
HDFCLIFE,7/5/2021,0.5994
HDFCLIFE,7/19/2021,-0.061333333
HDFCLIFE,8/18/2021,-0.1531
HDFCLIFE,8/25/2021,0.29325
HDFCLIFE,8/26/2021,0.5994
HDFCLIFE,9/2/2021,0.1998
HDFCLIFE,9/3/2021,0.50065
HDFCLIFE,9/9/2021,0.2997
HDFCLIFE,9/13/2021,0
HDFCLIFE,9/23/2021,0.5994
HDFCLIFE,10/12/2021,0.5994
HDFCLIFE,10/22/2021,0
HDFCLIFE,11/3/2021,0.2023
HDFCLIFE,11/4/2021,0.4019
HDFCLIFE,11/29/2021,0.5994
HDFCLIFE,12/8/2021,0.5994
HDFCLIFE,1/21/2022,0
HDFCLIFE,1/31/2022,0
HDFCLIFE,2/7/2022,0.4019
HDFCLIFE,2/14/2022,0.03095
HDFCLIFE,2/24/2022,0
HDFCLIFE,2/28/2022,0.4019
HDFCLIFE,3/2/2022,0.05295
HDFCLIFE,3/3/2022,0.26495
HDFCLIFE,3/30/2022,0.5994
HDFCLIFE,4/6/2022,0.4019
HDFCLIFE,4/18/2022,0.4019
HDFCLIFE,4/19/2022,0.4019
HDFCLIFE,4/28/2022,0.5994
HDFCLIFE,4/29/2022,0.4019
HDFCLIFE,5/25/2022,0.4019
HDFCLIFE,5/27/2022,0.5994
HDFCLIFE,6/1/2022,0.4019
HDFCLIFE,6/27/2022,0.5994
HDFCLIFE,6/29/2022,0.4019
HDFCLIFE,6/30/2022,0.4019
HDFCLIFE,7/5/2022,0.4019
HDFCLIFE,7/6/2022,0.5994
HDFCLIFE,7/8/2022,0.5994
HDFCLIFE,7/19/2022,0.5994
HEROMOTOCO,5/31/2022,0.4019
HEROMOTOCO,6/1/2022,0.3397
HEROMOTOCO,6/2/2022,0.64985
HEROMOTOCO,6/9/2022,0.5574
HEROMOTOCO,6/13/2022,0.6705
HEROMOTOCO,6/14/2022,0.5574
HEROMOTOCO,6/15/2022,0.5574
HEROMOTOCO,6/17/2022,0.52015
HEROMOTOCO,6/21/2022,0.59452
HEROMOTOCO,6/22/2022,0.4019
HEROMOTOCO,6/23/2022,0.58585
HEROMOTOCO,6/24/2022,0.6055
HEROMOTOCO,6/25/2022,0.2023
HEROMOTOCO,6/27/2022,0.5574
HEROMOTOCO,6/28/2022,0.7003
HEROMOTOCO,7/1/2022,0.5574
HEROMOTOCO,7/4/2022,0.2787
HEROMOTOCO,7/5/2022,0.9201
HEROMOTOCO,7/6/2022,0.62885
HEROMOTOCO,7/11/2022,0.5574
HEROMOTOCO,7/13/2022,0.7003
HEROMOTOCO,7/14/2022,0.4019
HEROMOTOCO,7/15/2022,0.5574
HEROMOTOCO,7/18/2022,0.5574
HEROMOTOCO,7/24/2022,0.5574
HEROMOTOCO,7/26/2022,0.5574
HEROMOTOCO,7/27/2022,0.5574
HEROMOTOCO,7/29/2022,0.5574
HINDALCO,4/12/2022,0.4019
HINDALCO,4/21/2022,0.2263
HINDALCO,4/22/2022,0.4117
HINDALCO,4/25/2022,-0.5859
HINDALCO,4/28/2022,0.5994
HINDALCO,5/2/2022,0.1531
HINDALCO,5/4/2022,0.4019
HINDALCO,5/12/2022,0
HINDALCO,5/13/2022,0.20095
HINDALCO,5/17/2022,0.5994
HINDALCO,5/23/2022,0
HINDALCO,5/26/2022,0
HINDALCO,5/27/2022,0.306966667
HINDALCO,6/1/2022,0
HINDALCO,6/3/2022,0
HINDALCO,6/10/2022,-0.2588
HINDALCO,6/16/2022,0.34895
HINDALCO,6/19/2022,-0.6249
HINDALCO,6/20/2022,0
HINDALCO,6/21/2022,0.2997
HINDALCO,6/22/2022,0.20095
HINDALCO,6/23/2022,0
HINDALCO,6/28/2022,0.5994
HINDALCO,6/30/2022,0.32985
HINDALCO,7/4/2022,-0.5267
HINDALCO,7/5/2022,0.20095
HINDALCO,7/6/2022,0.5994
HINDALCO,7/7/2022,0.5994
HINDALCO,7/12/2022,0.4019
HINDALCO,7/18/2022,0.5994
HINDALCO,7/20/2022,0
HINDALCO,7/21/2022,0
HINDALCO,7/29/2022,0
HINDALCO,7/31/2022,0
HINDALCO,8/4/2022,0.2023
HINDALCO,8/5/2022,-0.3182
HINDUNILVR,6/20/2022,0
HINDUNILVR,6/24/2022,0.2787
HINDUNILVR,7/4/2022,0
HINDUNILVR,7/5/2022,0
HINDUNILVR,7/11/2022,0
HINDUNILVR,7/13/2022,0.4019
HINDUNILVR,7/16/2022,0.4404
HINDUNILVR,7/18/2022,0.4019
HINDUNILVR,7/19/2022,0
HINDUNILVR,7/20/2022,0
HINDUNILVR,7/21/2022,0.2263
HINDUNILVR,7/22/2022,0
HINDUNILVR,7/24/2022,0.164633333
HINDUNILVR,7/25/2022,0
HINDUNILVR,7/27/2022,0
HINDUNILVR,7/29/2022,0.2202
HINDUNILVR,7/30/2022,0
HINDUNILVR,7/31/2022,0.11315
HINDUNILVR,8/1/2022,0.5511
HINDUNILVR,8/2/2022,0
HINDUNILVR,8/5/2022,0
HINDUNILVR,8/8/2022,0
ICICIBANK,7/22/2022,0.512033333
ICICIBANK,7/23/2022,0.467407143
ICICIBANK,7/24/2022,0.17572
ICICIBANK,7/25/2022,0.0704
ICICIBANK,7/26/2022,0
ICICIBANK,7/28/2022,0.4019
ICICIBANK,7/31/2022,0.2294
ICICIBANK,8/1/2022,0
ICICIBANK,8/2/2022,0.2023
ICICIBANK,8/3/2022,0.1909
ICICIBANK,8/4/2022,0.6908
ICICIBANK,8/5/2022,0.0279
INDUSINDBK,6/23/2022,0.20095
INDUSINDBK,6/24/2022,0.5994
INDUSINDBK,6/28/2022,0
INDUSINDBK,6/30/2022,0.296
INDUSINDBK,7/3/2022,0.6908
INDUSINDBK,7/4/2022,0.439266667
INDUSINDBK,7/5/2022,0
INDUSINDBK,7/6/2022,0
INDUSINDBK,7/7/2022,0
INDUSINDBK,7/8/2022,0.4906
INDUSINDBK,7/12/2022,-0.3612
INDUSINDBK,7/13/2022,0.20095
INDUSINDBK,7/18/2022,0.28064
INDUSINDBK,7/19/2022,0.2997
INDUSINDBK,7/20/2022,0.133155556
INDUSINDBK,7/21/2022,0.3682
INDUSINDBK,7/28/2022,0.100475
INDUSINDBK,7/29/2022,0.5574
INDUSINDBK,7/30/2022,0
INDUSINDBK,7/31/2022,0
INDUSINDBK,8/2/2022,0
INFY,7/24/2022,0.3615
INFY,7/25/2022,-0.0223
INFY,7/26/2022,-0.083483333
INFY,7/27/2022,0.228033333
INFY,7/28/2022,0.407
INFY,7/29/2022,0
INFY,7/31/2022,0.2814
INFY,8/1/2022,0
INFY,8/2/2022,0.4479
INFY,8/3/2022,0.6241
INFY,8/4/2022,0
INFY,8/5/2022,0.133966667
ITC,7/5/2022,0.2637
ITC,7/6/2022,0.29295
ITC,7/7/2022,0
ITC,7/8/2022,0.032
ITC,7/10/2022,0.2023
ITC,7/11/2022,-0.051033333
ITC,7/12/2022,0.1366
ITC,7/13/2022,-0.46645
ITC,7/14/2022,0.3252
ITC,7/16/2022,-0.05135
ITC,7/17/2022,0.35875
ITC,7/18/2022,-0.3818
ITC,7/19/2022,0
ITC,7/20/2022,0.435675
ITC,7/21/2022,0.16212
ITC,7/22/2022,0.2732
ITC,7/23/2022,-0.7783
JSWSTEEL,6/1/2022,0.4019
JSWSTEEL,6/2/2022,-0.02345
JSWSTEEL,6/4/2022,0
JSWSTEEL,6/5/2022,-0.1806
JSWSTEEL,6/6/2022,0
JSWSTEEL,6/9/2022,-0.0516
JSWSTEEL,6/10/2022,0
JSWSTEEL,6/15/2022,0.4019
JSWSTEEL,6/17/2022,0.34895
JSWSTEEL,6/18/2022,0.2732
JSWSTEEL,6/19/2022,-0.1027
JSWSTEEL,6/25/2022,-0.1027
JSWSTEEL,6/27/2022,0
JSWSTEEL,6/28/2022,0.31245
JSWSTEEL,6/29/2022,0.2202
JSWSTEEL,7/2/2022,0.5267
JSWSTEEL,7/3/2022,0.178166667
JSWSTEEL,7/4/2022,0.03635
JSWSTEEL,7/7/2022,0
JSWSTEEL,7/8/2022,0.148
JSWSTEEL,7/13/2022,0.20095
JSWSTEEL,7/22/2022,0.2202
JSWSTEEL,7/24/2022,0.37095
JSWSTEEL,7/25/2022,0
KOTAKBANK,7/1/2022,0.2787
KOTAKBANK,7/2/2022,0.4588
KOTAKBANK,7/5/2022,0
KOTAKBANK,7/6/2022,0
KOTAKBANK,7/8/2022,0
KOTAKBANK,7/10/2022,0
KOTAKBANK,7/12/2022,0
KOTAKBANK,7/13/2022,0.4019
KOTAKBANK,7/14/2022,0.20095
KOTAKBANK,7/15/2022,0
KOTAKBANK,7/16/2022,0.4404
KOTAKBANK,7/19/2022,0
KOTAKBANK,7/22/2022,0.4588
KOTAKBANK,7/23/2022,0.2202
KOTAKBANK,7/24/2022,-0.05135
KOTAKBANK,7/25/2022,0
KOTAKBANK,7/26/2022,0.4588
KOTAKBANK,7/27/2022,0.296
KOTAKBANK,7/28/2022,0.4019
KOTAKBANK,7/29/2022,0
KOTAKBANK,7/30/2022,0
KOTAKBANK,8/2/2022,0
KOTAKBANK,8/3/2022,0.4019
KOTAKBANK,8/4/2022,0.2263
LT,5/6/2022,0.296
LT,5/7/2022,0
LT,5/9/2022,0
LT,5/11/2022,0.4019
LT,5/12/2022,-0.07655
LT,5/13/2022,0
LT,5/24/2022,0
LT,6/1/2022,0.5106
LT,6/3/2022,0.4019
LT,6/7/2022,0.4019
LT,6/10/2022,0
LT,6/14/2022,0.6124
LT,6/15/2022,0.20095
LT,6/18/2022,-0.1531
LT,6/19/2022,0
LT,6/21/2022,0.743
LT,6/25/2022,0
LT,6/26/2022,0
LT,6/27/2022,0.250325
LT,7/7/2022,0.5994
LT,7/8/2022,0.5994
LT,7/10/2022,0.34
LT,7/11/2022,0
LT,7/12/2022,0
LT,7/15/2022,0
LT,7/18/2022,0
LT,7/19/2022,0
LT,7/20/2022,0
LT,7/21/2022,0.2263
LT,7/25/2022,0
LT,7/26/2022,-0.051033333
LT,7/27/2022,0.10115
M&M,6/28/2022,0.391425
M&M,6/29/2022,0
M&M,6/30/2022,0.6597
M&M,7/1/2022,0
M&M,7/4/2022,0.275233333
M&M,7/5/2022,0.20095
M&M,7/7/2022,-0.1366
M&M,7/8/2022,0
M&M,7/9/2022,0.2553
M&M,7/10/2022,0.17
M&M,7/11/2022,0.309533333
M&M,7/13/2022,0.29795
M&M,7/18/2022,0.5994
M&M,7/19/2022,0.5994
M&M,7/21/2022,0
M&M,7/25/2022,0
M&M,7/26/2022,0
M&M,7/30/2022,0
M&M,8/1/2022,0.494666667
M&M,8/2/2022,0.34
M&M,8/5/2022,0
M&M,8/6/2022,0.2359
MARUTI,7/28/2022,0
MARUTI,7/29/2022,0.063366667
MARUTI,7/30/2022,0.7096
MARUTI,7/31/2022,0.4588
MARUTI,8/1/2022,0.27656
MARUTI,8/2/2022,0.2313
MARUTI,8/3/2022,-0.3182
MARUTI,8/4/2022,0
MARUTI,8/5/2022,0.10115
MARUTI,8/6/2022,0.4019
MARUTI,8/8/2022,0
NESTLEIND,3/24/2022,0
NESTLEIND,3/28/2022,0.5784
NESTLEIND,3/30/2022,0
NESTLEIND,4/12/2022,0
NESTLEIND,4/21/2022,0.3713
NESTLEIND,5/2/2022,0.1531
NESTLEIND,5/5/2022,0.5994
NESTLEIND,5/9/2022,0.0998
NESTLEIND,5/17/2022,0.5994
NESTLEIND,5/20/2022,0.5994
NESTLEIND,5/24/2022,0
NESTLEIND,5/27/2022,0
NESTLEIND,6/1/2022,0.4019
NESTLEIND,6/9/2022,0
NESTLEIND,6/13/2022,0.4019
NESTLEIND,6/16/2022,0.4019
NESTLEIND,6/21/2022,0.5994
NESTLEIND,7/7/2022,0.5994
NESTLEIND,7/12/2022,0.4019
NESTLEIND,7/19/2022,0.5994
NESTLEIND,7/24/2022,0
NESTLEIND,7/28/2022,0
NTPC,7/5/2022,0
NTPC,7/6/2022,0.313133333
NTPC,7/7/2022,0
NTPC,7/8/2022,0.5994
NTPC,7/9/2022,0
NTPC,7/10/2022,0.3953
NTPC,7/12/2022,0.49335
NTPC,7/13/2022,0
NTPC,7/14/2022,0.296
NTPC,7/18/2022,0.20095
NTPC,7/19/2022,0
NTPC,7/20/2022,0.225033333
NTPC,7/21/2022,0
NTPC,7/22/2022,0
NTPC,7/28/2022,0
NTPC,7/29/2022,0.364714286
NTPC,7/30/2022,0.6705
NTPC,7/31/2022,0.4669
NTPC,8/1/2022,0.35015
NTPC,8/2/2022,0
ONGC,6/19/2022,0.4019
ONGC,6/20/2022,0.5994
ONGC,6/21/2022,0
ONGC,6/23/2022,0.4939
ONGC,6/24/2022,0.5574
ONGC,6/27/2022,0.420175
ONGC,6/28/2022,0.4803
ONGC,6/29/2022,0.4019
ONGC,7/1/2022,-0.17435
ONGC,7/4/2022,0.5994
ONGC,7/6/2022,0.305866667
ONGC,7/8/2022,0.5994
ONGC,7/11/2022,0.4019
ONGC,7/13/2022,0
ONGC,7/14/2022,0.4019
ONGC,7/19/2022,0.5994
ONGC,7/20/2022,0.3911
ONGC,8/1/2022,0
ONGC,8/4/2022,-0.0772
POWERGRID,3/30/2022,0.6124
POWERGRID,3/31/2022,0.6124
POWERGRID,4/1/2022,0.2997
POWERGRID,4/5/2022,0.4019
POWERGRID,4/6/2022,0.3072
POWERGRID,4/12/2022,0.4019
POWERGRID,4/26/2022,0.5994
POWERGRID,4/28/2022,0.5994
POWERGRID,4/29/2022,0.4019
POWERGRID,5/2/2022,0.2775
POWERGRID,5/4/2022,0.20095
POWERGRID,5/6/2022,0.4019
POWERGRID,5/9/2022,0.4019
POWERGRID,5/18/2022,0.4019
POWERGRID,5/19/2022,0.4019
POWERGRID,5/20/2022,0.5994
POWERGRID,5/22/2022,0
POWERGRID,5/27/2022,0.5994
POWERGRID,6/2/2022,0.5994
POWERGRID,6/22/2022,0.4019
POWERGRID,6/23/2022,0.5994
POWERGRID,7/1/2022,0.4019
POWERGRID,7/5/2022,0.4019
POWERGRID,7/6/2022,0.5994
POWERGRID,7/7/2022,-0.4404
POWERGRID,7/8/2022,0.2997
POWERGRID,7/12/2022,0.4019
POWERGRID,7/15/2022,0.5994
POWERGRID,7/26/2022,0
POWERGRID,8/1/2022,0.7003
POWERGRID,8/8/2022,0
POWERGRID,8/10/2022,0
RELIANCE,7/26/2022,0.10115
RELIANCE,7/27/2022,0.1011
RELIANCE,7/28/2022,0.11315
RELIANCE,7/29/2022,-0.1728
RELIANCE,7/30/2022,0
RELIANCE,7/31/2022,0.11315
RELIANCE,8/1/2022,0.095316667
RELIANCE,8/2/2022,0.17
RELIANCE,8/3/2022,0
RELIANCE,8/4/2022,-0.072357143
RELIANCE,8/5/2022,0.11315
RELIANCE,8/8/2022,0.190633333
SBILIFE,10/13/2021,0.5994
SBILIFE,10/19/2021,0
SBILIFE,10/25/2021,0.5994
SBILIFE,10/26/2021,0.5994
SBILIFE,11/17/2021,0.4019
SBILIFE,12/22/2021,0.5994
SBILIFE,12/24/2021,0.4019
SBILIFE,2/3/2022,-0.4019
SBILIFE,2/9/2022,0.5994
SBILIFE,2/10/2022,0.8658
SBILIFE,2/18/2022,0.3057
SBILIFE,2/22/2022,-0.31245
SBILIFE,3/2/2022,0.05295
SBILIFE,3/28/2022,0.5994
SBILIFE,4/8/2022,0.5994
SBILIFE,4/18/2022,0.4019
SBILIFE,4/19/2022,0.4019
SBILIFE,4/28/2022,0.2997
SBILIFE,4/29/2022,0.6124
SBILIFE,5/25/2022,0.4019
SBILIFE,7/28/2022,0.2202
SBILIFE,7/29/2022,0
SBIN,8/3/2022,0.102871429
SBIN,8/4/2022,-0.0209
SBIN,8/5/2022,0.00645
SBIN,8/6/2022,0.349155556
SBIN,8/7/2022,0.8271
SBIN,8/8/2022,-0.1753
SHREECEM,5/20/2022,0.6369
SHREECEM,6/3/2022,0.4019
SHREECEM,6/9/2022,0.3126
SHREECEM,6/10/2022,0.5994
SHREECEM,6/13/2022,0.3818
SHREECEM,6/14/2022,0.5574
SHREECEM,6/15/2022,0.4884
SHREECEM,6/16/2022,0
SHREECEM,6/17/2022,0.4019
SHREECEM,6/21/2022,0.743
SHREECEM,6/22/2022,0.5994
SHREECEM,6/23/2022,0.5994
SHREECEM,6/24/2022,0.743
SHREECEM,6/27/2022,0
SHREECEM,6/28/2022,0.452466667
SHREECEM,6/29/2022,0
SHREECEM,7/5/2022,0.4019
SHREECEM,7/7/2022,0.2023
SHREECEM,7/8/2022,0
SHREECEM,7/12/2022,0.34895
SHREECEM,7/14/2022,0.0258
SHREECEM,7/15/2022,0
SHREECEM,7/18/2022,0
SHREECEM,7/20/2022,0
SHREECEM,7/24/2022,0
SHREECEM,7/25/2022,0.5994
SHREECEM,7/26/2022,0.296
SHREECEM,7/27/2022,0.6808
SHREECEM,7/28/2022,0.6808
SHREECEM,7/29/2022,0.743
SHREECEM,8/2/2022,0
SHREECEM,8/4/2022,0.0258
SHREECEM,8/5/2022,0.1813
SUNPHARMA,6/30/2022,0.5423
SUNPHARMA,7/3/2022,0.6908
SUNPHARMA,7/6/2022,0.2023
SUNPHARMA,7/7/2022,0
SUNPHARMA,7/13/2022,0.460533333
SUNPHARMA,7/14/2022,0.34895
SUNPHARMA,7/18/2022,0.4939
SUNPHARMA,7/19/2022,0.5994
SUNPHARMA,7/24/2022,0
SUNPHARMA,7/25/2022,0.4767
SUNPHARMA,7/26/2022,0.3454
SUNPHARMA,7/27/2022,-0.5267
SUNPHARMA,7/28/2022,0.08038
SUNPHARMA,7/29/2022,0.24945
SUNPHARMA,7/31/2022,0.159
SUNPHARMA,8/1/2022,0.4019
TATACONSUM,11/30/2021,0.4019
TATACONSUM,12/6/2021,0.4019
TATACONSUM,12/7/2021,0.4019
TATACONSUM,12/13/2021,0.4019
TATACONSUM,12/14/2021,0.4019
TATACONSUM,1/14/2022,0.4019
TATACONSUM,1/18/2022,0.4019
TATACONSUM,2/7/2022,0.20095
TATACONSUM,2/17/2022,0.4019
TATACONSUM,3/8/2022,0.5994
TATACONSUM,3/11/2022,0.5994
TATACONSUM,3/15/2022,0.4019
TATACONSUM,3/16/2022,0.5994
TATACONSUM,3/21/2022,0.4019
TATACONSUM,3/30/2022,0.5994
TATACONSUM,4/4/2022,0.5994
TATACONSUM,4/27/2022,0.4019
TATACONSUM,4/28/2022,0
TATACONSUM,4/29/2022,0.4019
TATACONSUM,5/2/2022,0.4019
TATACONSUM,5/4/2022,0
TATACONSUM,5/5/2022,0.380566667
TATACONSUM,5/17/2022,0.5994
TATACONSUM,5/18/2022,0.26495
TATACONSUM,6/6/2022,0
TATACONSUM,6/28/2022,0
TATACONSUM,7/15/2022,0.5994
TATAMOTORS,7/27/2022,0
TATAMOTORS,7/28/2022,0.175075
TATAMOTORS,7/29/2022,0.171025
TATAMOTORS,7/30/2022,0
TATAMOTORS,8/1/2022,0.298083333
TATAMOTORS,8/2/2022,0.17
TATAMOTORS,8/3/2022,0
TATAMOTORS,8/4/2022,0
TATAMOTORS,8/5/2022,0.067433333
TATAMOTORS,8/8/2022,0
TATASTEEL,5/2/2022,0.1531
TATASTEEL,5/4/2022,0
TATASTEEL,5/10/2022,0.4019
TATASTEEL,5/12/2022,0.4019
TATASTEEL,5/13/2022,0
TATASTEEL,5/17/2022,0.5994
TATASTEEL,5/23/2022,0.20095
TATASTEEL,5/26/2022,0.5994
TATASTEEL,6/8/2022,0.4019
TATASTEEL,6/9/2022,0.1826
TATASTEEL,6/10/2022,-0.4404
TATASTEEL,6/15/2022,0.34895
TATASTEEL,6/16/2022,0.4019
TATASTEEL,6/19/2022,-0.6249
TATASTEEL,6/20/2022,0.5994
TATASTEEL,6/21/2022,0
TATASTEEL,6/22/2022,0.4019
TATASTEEL,6/28/2022,0
TATASTEEL,6/30/2022,0.6597
TATASTEEL,7/4/2022,0.03635
TATASTEEL,7/5/2022,0.29295
TATASTEEL,7/6/2022,0
TATASTEEL,7/7/2022,0.5994
TATASTEEL,7/8/2022,0.5994
TATASTEEL,7/11/2022,0.4019
TATASTEEL,7/15/2022,0.5994
TATASTEEL,7/18/2022,0.6369
TATASTEEL,7/24/2022,0
TATASTEEL,7/25/2022,0
TATASTEEL,7/26/2022,0.368
TATASTEEL,7/29/2022,0.5574
TCS,4/20/2022,-0.1351
TCS,4/21/2022,0.34
TCS,4/27/2022,0.4019
TCS,5/2/2022,0.2775
TCS,5/6/2022,0.296
TCS,5/9/2022,0
TCS,5/12/2022,0.4019
TCS,5/20/2022,0.5994
TCS,5/25/2022,0.4019
TCS,6/1/2022,0.3818
TCS,6/2/2022,0.5719
TCS,6/6/2022,0
TCS,6/8/2022,-0.0258
TCS,6/12/2022,0.25
TCS,6/16/2022,0.24695
TCS,6/17/2022,0.296
TCS,6/19/2022,-0.5574
TCS,6/20/2022,0
TCS,6/21/2022,0.568133333
TCS,6/22/2022,0.4019
TCS,6/24/2022,0.5994
TCS,6/27/2022,0.3182
TCS,6/29/2022,0
TCS,7/4/2022,0.5994
TCS,7/5/2022,0
TCS,7/7/2022,0
TCS,7/8/2022,0.17498
TCS,7/11/2022,0.020633333
TCS,7/12/2022,0
TCS,7/24/2022,0.4939
TCS,7/28/2022,0.2023
TCS,7/31/2022,0.2263
TCS,8/1/2022,0
TCS,8/3/2022,0.5574
TECHM,6/24/2022,0.5994
TECHM,6/26/2022,0.59285
TECHM,6/27/2022,0.5994
TECHM,6/28/2022,0.4019
TECHM,6/29/2022,-0.1027
TECHM,6/30/2022,0.4019
TECHM,7/4/2022,0.10115
TECHM,7/5/2022,0.175566667
TECHM,7/6/2022,0
TECHM,7/7/2022,0.7351
TECHM,7/10/2022,-0.6808
TECHM,7/15/2022,0.2263
TECHM,7/17/2022,0.7269
TECHM,7/18/2022,0.4903
TECHM,7/23/2022,0
TECHM,7/24/2022,0
TECHM,7/25/2022,0.22624
TECHM,7/26/2022,0.074
TECHM,7/27/2022,0
TECHM,7/28/2022,0
TECHM,8/3/2022,0.5574
TITAN,3/25/2022,0.065966667
TITAN,3/29/2022,0
TITAN,4/4/2022,0.50065
TITAN,4/6/2022,0.2023
TITAN,4/7/2022,0.3021
TITAN,4/26/2022,0.5994
TITAN,5/2/2022,0.0067
TITAN,5/4/2022,0.4019
TITAN,5/5/2022,0.2023
TITAN,5/26/2022,0.5106
TITAN,6/6/2022,0.5994
TITAN,6/7/2022,0.4019
TITAN,6/8/2022,0.4019
TITAN,6/17/2022,0.4924
TITAN,6/21/2022,0.5994
TITAN,6/27/2022,0.5994
TITAN,6/28/2022,0.5994
TITAN,7/5/2022,0
TITAN,7/7/2022,0.58565
TITAN,7/15/2022,0.5994
TITAN,8/5/2022,0
TITAN,8/8/2022,0.5994
ULTRACEMCO,3/24/2022,-0.296
ULTRACEMCO,3/29/2022,0.53805
ULTRACEMCO,4/12/2022,0
ULTRACEMCO,4/20/2022,0.5994
ULTRACEMCO,4/29/2022,0
ULTRACEMCO,5/2/2022,0.2775
ULTRACEMCO,5/5/2022,0.5994
ULTRACEMCO,5/12/2022,0
ULTRACEMCO,5/16/2022,0.5994
ULTRACEMCO,5/18/2022,0.26495
ULTRACEMCO,5/23/2022,0.4019
ULTRACEMCO,6/1/2022,-0.296
ULTRACEMCO,6/2/2022,0.049333333
ULTRACEMCO,6/3/2022,0.20095
ULTRACEMCO,6/6/2022,0.20095
ULTRACEMCO,6/7/2022,-0.1591
ULTRACEMCO,6/9/2022,0.5994
ULTRACEMCO,6/10/2022,0.4019
ULTRACEMCO,6/13/2022,-0.2023
ULTRACEMCO,6/14/2022,0.4019
ULTRACEMCO,6/15/2022,0.296
ULTRACEMCO,6/16/2022,-0.2023
ULTRACEMCO,6/21/2022,0.296
ULTRACEMCO,6/27/2022,-0.5423
ULTRACEMCO,6/29/2022,0
ULTRACEMCO,6/30/2022,0
ULTRACEMCO,7/5/2022,0.296
ULTRACEMCO,7/21/2022,0
ULTRACEMCO,7/22/2022,0
ULTRACEMCO,7/24/2022,0
ULTRACEMCO,7/25/2022,0
ULTRACEMCO,7/26/2022,0.34
ULTRACEMCO,8/2/2022,0
ULTRACEMCO,8/5/2022,0.0279
UPL,5/16/2022,-0.0772
UPL,5/20/2022,0.61815
UPL,5/25/2022,0.4019
UPL,5/26/2022,0.5994
UPL,6/7/2022,0.4019
UPL,6/8/2022,0.4019
UPL,6/10/2022,0.3818
UPL,6/13/2022,0.2263
UPL,6/14/2022,0.20095
UPL,6/15/2022,0.225033333
UPL,6/16/2022,0
UPL,6/20/2022,0.5994
UPL,6/22/2022,0.4019
UPL,6/29/2022,0
UPL,6/30/2022,0
UPL,7/1/2022,0.5574
UPL,7/23/2022,0
UPL,7/25/2022,0.296
UPL,8/1/2022,0
UPL,8/2/2022,0.148
WIPRO,7/20/2022,0.16957
WIPRO,7/21/2022,0.0245875
WIPRO,7/24/2022,0.2202
WIPRO,7/25/2022,0.5574
WIPRO,7/26/2022,0.257675
WIPRO,7/27/2022,0
WIPRO,7/28/2022,0.2023
WIPRO,7/29/2022,0
WIPRO,8/2/2022,0.4588
WIPRO,8/3/2022,0
WIPRO,8/4/2022,0.075433333
WIPRO,8/5/2022,0
