,Date,Stock_Code,ROC,ROC_10x,Outcome,Sentiment_Score_mean,News_Score
0,2022-07-27,TATACONSUM,0.003666645951152734,0.03666645951152734,1,0.029146645000000002,0.7235198616981506
1,2022-07-28,TATACONSUM,-0.005472382543224468,-0.054723825432244674,1,0.05797053866666667,0.0
2,2022-07-29,TATACONSUM,-0.009854055466387915,-0.09854055466387915,1,0.039897727181818186,0.0
3,2022-08-01,TATACONSUM,-0.008379332637127809,-0.08379332637127809,1,0.026050189374999998,0.0
4,2022-08-02,TATACONSUM,-0.0038218451225093468,-0.038218451225093465,-1,0.02514393936363636,0.0
5,2022-08-03,TATACONSUM,-0.002479216518242582,-0.02479216518242582,-1,0.007538419909090907,0.0
6,2022-08-04,TATACONSUM,0.02232214748473261,0.22322147484732607,-1,0.0038748736999999977,0.0
7,2022-08-05,TATACONSUM,0.02132435465768802,0.2132435465768802,-1,0.020541666666666666,0.0
8,2022-08-08,TATACONSUM,0.010935266233603405,0.10935266233603405,-1,0.02560037875,0.0
9,2022-08-10,TATACONSUM,0.0033534625130797247,0.033534625130797246,1,0.14100000000000001,0.4937751740217209
10,2022-08-11,TATACONSUM,0.015152479786082609,0.1515247978608261,1,0.0,0.9975239038467407
11,2022-07-26,TITAN,-0.14555754263620088,-1.4555754263620089,-1,-0.01,0.0
12,2022-07-27,TITAN,0.001858881031613764,0.01858881031613764,1,0.03421010102,-0.9995384216308594
13,2022-07-28,TITAN,-0.007595865432338494,-0.07595865432338494,1,0.03832313311,0.0
14,2022-07-29,TITAN,-0.01274080070270323,-0.1274080070270323,1,0.027646031740000004,0.0
15,2022-08-01,TITAN,-0.019001346518349504,-0.19001346518349504,-1,0.04076785353,0.98277747631073
16,2022-08-02,TITAN,-0.014747116313305955,-0.14747116313305955,1,0.02567748916,-0.7976916432380676
17,2022-08-03,TITAN,-0.018349165142486266,-0.18349165142486268,1,0.03530101009,0.0
18,2022-08-04,TITAN,-0.013799536529661172,-0.13799536529661172,1,0.00562467532,0.0
19,2022-08-05,TITAN,-0.010798525849568615,-0.10798525849568615,1,0.048312982675925924,-0.07849432528018951
20,2022-08-08,TITAN,-0.01073958569982858,-0.1073958569982858,1,0.0,0.48897532434463503
21,2022-08-10,TITAN,-0.0012013099215034777,-0.012013099215034777,1,0.030201899944444444,0.9317433834075928
22,2022-07-26,HINDUNILVR,0.01207034310493282,0.12070343104932821,-1,0.0,-0.5151064246892929
23,2022-07-27,HINDUNILVR,0.006995777150461324,0.06995777150461324,1,0.04985242728571428,-0.4592604637145996
24,2022-07-28,HINDUNILVR,-0.00669696888195595,-0.0669696888195595,1,0.071310606,0.0
25,2022-07-29,HINDUNILVR,-0.013593232975792112,-0.13593232975792113,1,0.027257575727272724,0.2202
26,2022-08-01,HINDUNILVR,0.0011209941793050818,0.011209941793050817,1,0.0187833333,0.5511
27,2022-08-02,HINDUNILVR,-0.008306741048539543,-0.08306741048539543,-1,0.042719696909090915,-0.3913017809391022
28,2022-08-03,HINDUNILVR,-0.0014986157823690682,-0.014986157823690682,1,0.0207833333,0.9966728687286377
29,2022-08-04,HINDUNILVR,-0.0015091520928050722,-0.015091520928050722,1,0.0510484848,0.0
30,2022-08-05,HINDUNILVR,-0.007544970844648404,-0.07544970844648403,-1,0.070069264,0.47205957770347595
31,2022-08-08,HINDUNILVR,-0.005039703305954345,-0.05039703305954345,-1,0.03473358583333333,-0.49905842542648315
32,2022-08-10,HINDUNILVR,-0.0016031410953662299,-0.016031410953662298,1,0.032,-0.9992954730987549
33,2022-08-11,HINDUNILVR,0.00847483346231474,0.0847483346231474,-1,0.0,-0.9986125230789185
34,2022-07-26,TATAMOTORS,0.5003001710408572,5.003001710408572,-1,0.022600446499999996,0.0
35,2022-07-27,TATAMOTORS,0.010804188015148064,0.10804188015148064,-1,0.06775252523809525,0.0
36,2022-07-28,TATAMOTORS,0.00925220664008243,0.0925220664008243,1,-0.0014975404090909082,0.175075
37,2022-07-29,TATAMOTORS,-0.00961106619958688,-0.09611066199586879,1,0.1500378086111111,0.171025
38,2022-08-01,TATAMOTORS,-0.06193905817174513,-0.6193905817174513,-1,0.1348194444285714,0.6488047380370179
39,2022-08-02,TATAMOTORS,-0.0392345124053506,-0.39234512405350597,-1,0.16834926470588235,0.08801663577556611
40,2022-08-03,TATAMOTORS,-0.010323528141333051,-0.10323528141333052,1,0.20408515872,0.16020281116167703
41,2022-08-04,TATAMOTORS,-0.0011743354329026465,-0.011743354329026465,-1,0.04266896231818182,0.494551420211792
42,2022-08-05,TATAMOTORS,0.013213710019513061,0.1321371001951306,1,0.08285763883333334,0.17995004634085082
43,2022-08-08,TATAMOTORS,0.00221611370367995,0.0221611370367995,1,0.032847853499999996,-0.23181241005659103
44,2022-08-10,TATAMOTORS,-0.013641692422466236,-0.13641692422466237,1,0.055,0.0
45,2022-08-11,TATAMOTORS,-0.012167671791387112,-0.12167671791387112,1,0.0,0.5583648681640625
46,2022-07-26,LT,-0.16080601862592378,-1.6080601862592379,1,0.1554782948888889,-0.051033333
47,2022-07-27,LT,-0.013539051702253687,-0.13539051702253688,1,0.1276766803548387,0.4031657536347707
48,2022-07-28,LT,-0.012012113244225634,-0.12012113244225633,1,0.05425405409523809,0.0
49,2022-07-29,LT,-0.011253236983550878,-0.11253236983550878,-1,0.08663590938888889,0.0
50,2022-08-01,LT,-0.011324245700464877,-0.11324245700464877,-1,0.032251479725490195,0.0
51,2022-08-02,LT,0.005375151158791773,0.05375151158791773,-1,0.06695317184615385,-0.10732032855351765
52,2022-08-03,LT,0.0064228892454077525,0.06422889245407752,1,0.08986442915000001,0.9619160592556
53,2022-08-04,LT,0.009481732085424724,0.09481732085424724,1,0.047676963514285714,0.3179846207300822
54,2022-08-05,LT,0.00310649072514525,0.0310649072514525,1,0.05901222834,0.0
55,2022-08-08,LT,-0.018730407959866777,-0.18730407959866777,1,0.057621212199999994,0.9682447612285614
56,2022-08-10,LT,-0.025834563682310213,-0.25834563682310213,1,-0.07026807761111112,0.9990476965904236
57,2022-08-11,LT,-0.023712922857612808,-0.2371292285761281,1,0.0,-0.8835933208465576
58,2022-07-26,MARUTI,-0.1633810965666964,-1.633810965666964,1,0.0792410715,0.0
59,2022-07-27,MARUTI,0.00329238951500574,0.0329238951500574,1,0.0203625292745098,0.0
60,2022-07-28,MARUTI,-0.00571296117977135,-0.057129611797713496,1,0.1424024620625,0.0
61,2022-07-29,MARUTI,-0.01310849962413509,-0.1310849962413509,1,0.06474358070588236,0.063366667
62,2022-08-01,MARUTI,-0.03056296708365815,-0.3056296708365815,-1,0.0898922558,0.43402118852615357
63,2022-08-02,MARUTI,-0.034652141987834326,-0.3465214198783433,-1,0.023652614806451616,-0.08588438548247018
64,2022-08-03,MARUTI,-0.0037362341896237283,-0.037362341896237286,1,-0.01652154448275862,-0.6583061257362366
65,2022-08-04,MARUTI,0.0009503934718106206,0.009503934718106207,1,0.025443278923076924,0.0
66,2022-08-05,MARUTI,0.016416057387225767,0.16416057387225766,-1,0.0432442129375,-0.35084107820987703
67,2022-08-08,MARUTI,0.005630556580295106,0.05630556580295106,1,0.021846049714285713,0.49962928891181946
68,2022-08-10,MARUTI,0.00382552895510316,0.0382552895510316,1,-0.003047618999999998,0.9543353915214539
69,2022-08-11,MARUTI,0.007972149812936417,0.07972149812936417,-1,0.0,0.05607283115386963
70,2022-07-26,HDFC,0.3615397683440694,3.615397683440694,-1,0.5,0.0
71,2022-07-27,HDFC,-0.009945122829688569,-0.09945122829688569,1,0.1267873445769231,0.0
72,2022-07-28,HDFC,-0.012101662625562986,-0.12101662625562987,1,0.1250546837037037,0.0
73,2022-07-29,HDFC,-0.022283176481209956,-0.22283176481209954,1,0.05225805725925926,0.0
74,2022-08-01,HDFC,-0.018265776445008205,-0.18265776445008206,-1,0.14705948716981132,0.0
75,2022-08-02,HDFC,-6.374434268962495e-05,-0.0006374434268962495,-1,0.46749086823999997,0.0
76,2022-08-03,HDFC,-0.0017934488359502897,-0.017934488359502898,1,0.08407530365,0.0
77,2022-08-04,HDFC,0.003060363022372309,0.03060363022372309,1,0.0030117296764705886,0.0
78,2022-08-05,HDFC,0.0039247530112329985,0.03924753011232998,1,0.022530026139534885,2.777576446533203e-05
79,2022-08-08,HDFC,-0.011506589984238135,-0.11506589984238134,1,0.0,0.49219678342342377
80,2022-08-10,HDFC,-0.009610729666129197,-0.09610729666129197,1,0.008,0.007148901621500651
81,2022-08-11,HDFC,-0.02594911315802658,-0.2594911315802658,1,0.0,0.4321826199690501
82,2022-07-27,EICHERMOT,0.007092659227601516,0.07092659227601517,1,-0.0012986111666666682,0.0
83,2022-07-28,EICHERMOT,0.0064415381612337105,0.0644153816123371,1,0.0644591991,0.0
84,2022-07-29,EICHERMOT,-0.009951125868029907,-0.09951125868029906,1,0.04678645825,0.0
85,2022-08-01,EICHERMOT,-0.008190486761052485,-0.08190486761052485,-1,0.016543498153846155,0.2787
86,2022-08-02,EICHERMOT,-0.012361977916466527,-0.12361977916466527,1,0.024828703666666667,0.9977412223815918
87,2022-08-03,EICHERMOT,-0.012649241690867964,-0.12649241690867963,1,0.023965151499999997,0.0
88,2022-08-04,EICHERMOT,-0.00912310416506291,-0.09123104165062909,1,0.065763731,0.0
89,2022-08-05,EICHERMOT,0.008660106077475634,0.08660106077475635,1,0.033482808846153844,-0.3182
90,2022-08-08,EICHERMOT,0.0017647473304592712,0.017647473304592712,1,0.033797618999999994,0.0
91,2022-08-10,EICHERMOT,-0.008171992150796798,-0.08171992150796797,1,0.07850000000000001,0.929249107837677
92,2022-08-11,EICHERMOT,-0.012695153715930699,-0.126951537159307,1,0.0,0.7463283389806747
93,2022-07-26,NESTLEIND,-0.1823771853169189,-1.823771853169189,1,0.0,-0.9992582201957703
94,2022-07-27,NESTLEIND,0.009914260098880861,0.09914260098880862,1,0.03428645825,0.0
95,2022-07-28,NESTLEIND,-0.017588060095644467,-0.17588060095644467,-1,0.06885119046153847,-0.12822145398925333
96,2022-07-29,NESTLEIND,-0.02667626215190926,-0.2667626215190926,1,0.029771644999999996,0.38807871512004305
97,2022-08-01,NESTLEIND,-0.015804283901027668,-0.1580428390102767,1,0.045735984800000004,0.0
98,2022-08-02,NESTLEIND,-0.01636522040711416,-0.16365220407114162,-1,0.06372811444444444,0.0
99,2022-08-03,NESTLEIND,-0.002880331098254537,-0.02880331098254537,1,0.024891834999999998,0.8675065636634827
100,2022-08-04,NESTLEIND,-0.020156441118728774,-0.20156441118728774,-1,0.09113257571428571,0.0
101,2022-08-05,NESTLEIND,-0.017946600661819922,-0.17946600661819923,-1,0.036619791625,0.0
102,2022-08-08,NESTLEIND,-0.00015877999962353974,-0.0015877999962353973,1,0.00540625,0.0
103,2022-08-10,NESTLEIND,-0.0029185312274723854,-0.029185312274723853,1,0.04800000000000001,-0.9992954730987549
104,2022-07-26,M&M,0.7663291878705101,7.663291878705101,1,0.1003854468,0.0
105,2022-07-27,M&M,0.01312823003017594,0.13128230030175939,1,0.09135030522330097,0.0
106,2022-07-28,M&M,-0.0009668652660189148,-0.009668652660189148,1,0.0723659211,0.0
107,2022-07-29,M&M,-0.017244542285819123,-0.17244542285819123,1,0.08869839266666667,0.0
108,2022-08-01,M&M,-0.06236428087100554,-0.6236428087100554,-1,0.19318055553333335,0.622079894550415
109,2022-08-02,M&M,-0.05527469107243483,-0.5527469107243483,1,0.14013138731730768,0.1697844845056534
110,2022-08-03,M&M,-0.03448275862068962,-0.3448275862068962,1,-0.0014227240588235305,0.0
111,2022-08-04,M&M,-0.02216389617964413,-0.22163896179644127,1,0.14374531151923076,0.0
112,2022-08-05,M&M,0.01027443882985107,0.10274438829851071,1,0.06866628751724138,-0.08921382824579875
113,2022-08-08,M&M,-0.01606022984114862,-0.16060229841148618,1,0.22461309519444445,0.5365288183093071
114,2022-08-10,M&M,-0.0070042803935738,-0.070042803935738,1,0.10811686158333333,-0.9478802978992462
115,2022-08-11,M&M,-0.0035427547890594874,-0.03542754789059487,-1,0.0,-0.03507456183433533
116,2022-07-26,BPCL,0.3743123231688149,3.7431232316881493,-1,0.0,-0.5307965874671936
117,2022-07-27,BPCL,-0.01235029940119772,-0.1235029940119772,-1,0.05600294611111112,0.6051059126853943
118,2022-07-28,BPCL,-0.01475210855560054,-0.1475210855560054,1,0.03706907078571429,0.0
119,2022-07-29,BPCL,-0.021620116915653735,-0.21620116915653737,1,0.08329008833333333,0.0
120,2022-08-01,BPCL,-0.022772489363655658,-0.22772489363655657,1,0.06930544072727272,0.0
121,2022-08-02,BPCL,-0.015452204211483005,-0.15452204211483006,-1,0.014834990500000002,-0.9955518841743469
122,2022-08-03,BPCL,-0.005995601217197461,-0.05995601217197461,1,0.01314423076923077,0.0
123,2022-08-04,BPCL,-0.0013793517046989008,-0.013793517046989008,1,-0.010781328937500001,0.0
124,2022-08-05,BPCL,-0.005049147022795846,-0.05049147022795846,-1,0.052021969599999995,0.0
125,2022-08-08,BPCL,0.02210143839524326,0.22101438395243259,1,0.09957439782051282,-0.3777361833532651
126,2022-08-10,BPCL,0.010071161500422069,0.10071161500422068,1,0.0555,0.0
127,2022-07-27,BRITANNIA,9.338739425814678e-05,0.0009338739425814677,1,0.043110984799999995,0.0
128,2022-07-28,BRITANNIA,-0.003025134277597035,-0.030251342775970348,1,0.03509722216666667,0.0
129,2022-07-29,BRITANNIA,-0.009558764530331618,-0.09558764530331618,-1,0.043552083250000005,0.999515175819397
130,2022-08-01,BRITANNIA,0.00045885591924147134,0.004588559192414713,1,0.0666147727,0.0
131,2022-08-02,BRITANNIA,0.016989220525116592,0.1698922052511659,-1,0.0408861111,0.0
132,2022-08-03,BRITANNIA,0.017387292758639573,0.17387292758639572,-1,0.10966260828571428,-0.499799519777298
133,2022-08-04,BRITANNIA,0.011210498055188058,0.11210498055188059,-1,0.021286668749999998,-0.08345364034175873
134,2022-08-05,BRITANNIA,0.02312079017002228,0.2312079017002228,-1,0.04984940088235294,0.16785148335695266
135,2022-08-08,BRITANNIA,0.02657524111790783,0.2657524111790783,1,0.05334280778947369,-0.9981912970542908
136,2022-08-10,BRITANNIA,0.014776662003100651,0.14776662003100652,1,0.14783333333333334,0.0
137,2022-07-26,BHARTIARTL,0.46218553459119494,4.62185534591195,-1,-0.4,0.09052
138,2022-07-27,BHARTIARTL,0.005921168915336096,0.05921168915336096,1,0.0491258658,0.34255
139,2022-07-28,BHARTIARTL,0.014439419467352567,0.14439419467352566,1,0.0333233225,0.2263
140,2022-07-29,BHARTIARTL,-0.0022322748506890555,-0.022322748506890554,-1,0.025220833300000002,0.11315
141,2022-08-01,BHARTIARTL,-0.021775914073420242,-0.21775914073420244,1,0.0492774508125,0.239542857
142,2022-08-02,BHARTIARTL,-0.009717872947264755,-0.09717872947264755,1,0.03696831954545454,-0.29635
143,2022-08-03,BHARTIARTL,-0.013614295741693884,-0.13614295741693883,1,0.028003314374999998,0.0
144,2022-08-04,BHARTIARTL,-0.007209899467598847,-0.07209899467598847,1,0.017093073571428568,0.0
145,2022-08-05,BHARTIARTL,-0.013218713551341238,-0.13218713551341238,1,0.042800189375,0.193266667
146,2022-08-08,BHARTIARTL,-0.011343240720798465,-0.11343240720798466,1,0.027175820666666666,0.127266667
147,2022-08-10,BHARTIARTL,-0.018671490016236098,-0.18671490016236097,1,0.05733333333333334,0.13430093394385445
148,2022-08-11,BHARTIARTL,-0.006137752136873187,-0.06137752136873187,1,0.0,0.1761185441698347
149,2022-07-26,CIPLA,-0.04656256159793261,-0.46562561597932606,1,0.0,0.0
150,2022-07-27,CIPLA,-0.008302019606016358,-0.08302019606016357,1,0.011724271909090906,0.990820586681366
151,2022-07-28,CIPLA,-0.0016876850758940542,-0.01687685075894054,1,0.11586186866666666,-0.21165189776420593
152,2022-07-29,CIPLA,-0.010880357438358532,-0.10880357438358532,1,0.06554261017307693,-0.17361508475409615
153,2022-08-01,CIPLA,-0.02943135587141206,-0.29431355871412057,-1,0.0801028409,0.9785142540931702
154,2022-08-02,CIPLA,-0.018944121437196305,-0.18944121437196304,1,0.05186083044444444,0.0
155,2022-08-03,CIPLA,-0.018890533587086877,-0.18890533587086877,1,0.016651838846153844,0.0
156,2022-08-04,CIPLA,-0.035696579077838374,-0.35696579077838375,-1,0.08865817828571429,0.9995216131210327
157,2022-08-05,CIPLA,-0.01406075343674625,-0.1406075343674625,1,0.03388425922222222,-0.9904292225837708
158,2022-08-08,CIPLA,-0.004576234802802165,-0.04576234802802165,1,0.061909632,0.0
159,2022-08-10,CIPLA,-0.0064554275024473,-0.064554275024473,1,0.054,0.0
160,2022-07-26,BAJFINANCE,-0.20215889464594125,-2.0215889464594126,1,0.0078125,0.2787
161,2022-07-27,BAJFINANCE,-0.018107181910645167,-0.18107181910645168,1,0.014177083333333331,0.1468
162,2022-07-28,BAJFINANCE,-0.09807852550923025,-0.9807852550923025,1,0.07820050126315789,-0.3168903360740509
163,2022-07-29,BAJFINANCE,-0.08657512773750141,-0.8657512773750141,1,0.02983333330769231,0.21112290225028993
164,2022-08-01,BAJFINANCE,-0.06131696265438866,-0.6131696265438866,-1,0.0243458333,0.9986513257026672
165,2022-08-02,BAJFINANCE,-0.040372736818388426,-0.40372736818388427,-1,0.051597064375,-0.7826035618782043
166,2022-08-03,BAJFINANCE,-0.008202305101983087,-0.08202305101983087,1,0.015863636363636364,0.9971984624862671
167,2022-08-04,BAJFINANCE,-0.004344543582704137,-0.04344543582704137,1,0.028995370333333333,-0.9929550290107727
168,2022-08-05,BAJFINANCE,-7.940723865433854e-05,-0.0007940723865433855,-1,0.032467592555555556,0.0
169,2022-08-08,BAJFINANCE,-0.0029834598298445784,-0.029834598298445786,1,0.054266835,0.0
170,2022-08-10,BAJFINANCE,0.01819040739591271,0.1819040739591271,1,0.032,-0.5033746212720871
171,2022-08-11,BAJFINANCE,-0.004469983723055979,-0.04469983723055979,-1,0.0,0.4351489394903183
172,2022-07-26,ASIANPAINT,0.20967258045652634,2.0967258045652635,1,0.0114285715,0.1551041577410202
173,2022-07-27,ASIANPAINT,-0.02557458314556115,-0.2557458314556115,1,0.140597064375,0.32591864253793446
174,2022-07-28,ASIANPAINT,-0.0395633859193231,-0.395633859193231,1,0.11509313711764706,0.007584527134895325
175,2022-07-29,ASIANPAINT,-0.04142912034187924,-0.4142912034187924,1,0.04216504327272727,-0.23641939461231232
176,2022-08-01,ASIANPAINT,-0.02449885209781051,-0.2449885209781051,1,0.019312499999999996,0.0
177,2022-08-02,ASIANPAINT,-0.028332394673255365,-0.2833239467325537,1,0.06285858583333333,-0.023514632209142045
178,2022-08-03,ASIANPAINT,-0.025750752989592313,-0.2575075298959231,1,0.032637820461538465,0.5574
179,2022-08-04,ASIANPAINT,-0.020519505031082852,-0.20519505031082852,1,0.022684027750000002,0.0
180,2022-08-05,ASIANPAINT,-0.0160721859050294,-0.160721859050294,-1,0.027658333299999997,-0.5148916840553284
181,2022-08-08,ASIANPAINT,-0.003691525453241938,-0.03691525453241938,-1,-0.027315972166666664,0.0
182,2022-08-10,ASIANPAINT,0.01078046757886016,0.10780467578860159,1,0.010666666666666666,0.0
183,2022-07-26,ULTRACEMCO,-0.11193255760212535,-1.1193255760212535,-1,0.0,0.6697164309024811
184,2022-07-27,ULTRACEMCO,-0.02411517113638577,-0.24115171136385768,1,0.11946875,0.4729756861925125
185,2022-07-28,ULTRACEMCO,-0.003361464407704745,-0.03361464407704745,1,0.06668663909090909,-0.01428559422492981
186,2022-07-29,ULTRACEMCO,-0.01206317199104969,-0.1206317199104969,1,0.054266835,0.0
187,2022-08-01,ULTRACEMCO,-0.020839530554729237,-0.20839530554729235,-1,0.055792803,0.9921177625656128
188,2022-08-02,ULTRACEMCO,-0.012055562402713374,-0.12055562402713374,1,0.09577754818181818,-0.49996715784072876
189,2022-08-03,ULTRACEMCO,-0.0026057088712544097,-0.0260570887125441,1,0.04680357142857143,0.9917998909950256
190,2022-08-04,ULTRACEMCO,0.0031548366596558363,0.031548366596558367,-1,0.02332575754545455,0.0
191,2022-08-05,ULTRACEMCO,-0.018064667361885285,-0.18064667361885284,-1,0.04311742418181818,0.007968107652664185
192,2022-08-08,ULTRACEMCO,-0.002827743421704821,-0.02827743421704821,1,0.04385576923076923,0.0
193,2022-08-10,ULTRACEMCO,0.007858132429989033,0.07858132429989033,1,0.032,0.0
194,2022-07-26,BAJAJ-AUTO,0.1336281857746939,1.336281857746939,1,0.0,-0.028323563933372497
195,2022-07-27,BAJAJ-AUTO,0.02622084379066459,0.2622084379066459,1,0.07379700853846154,0.0862305154800415
196,2022-07-28,BAJAJ-AUTO,0.022898849486029604,0.22898849486029604,1,0.2670416666666667,0.10443532466888428
197,2022-07-29,BAJAJ-AUTO,0.001583916993567419,0.01583916993567419,1,0.038743055500000005,0.004473781538009647
198,2022-08-01,BAJAJ-AUTO,-0.015906051765620335,-0.15906051765620335,-1,0.027130952285714282,-0.3368358612060547
199,2022-08-02,BAJAJ-AUTO,-0.018085656563597816,-0.18085656563597816,1,0.08508080800000001,0.0
200,2022-08-03,BAJAJ-AUTO,-0.013754928300663617,-0.13754928300663616,1,0.05548593071428572,0.0
201,2022-08-04,BAJAJ-AUTO,-0.008010412531220033,-0.08010412531220033,1,0.042831649777777786,0.0
202,2022-08-05,BAJAJ-AUTO,-0.003387881136627802,-0.033878811366278024,-1,0.07238181810000001,0.9015392065048218
203,2022-08-08,BAJAJ-AUTO,-0.00329972913788041,-0.032997291378804104,-1,0.09366233757142858,0.0
204,2022-08-10,BAJAJ-AUTO,-0.004406108808483581,-0.04406108808483581,1,0.0985757575,0.0
205,2022-08-11,BAJAJ-AUTO,-0.0025701190109267704,-0.025701190109267705,-1,0.0,-0.8835933208465576
206,2022-07-26,SBILIFE,0.34209233365895386,3.4209233365895386,1,0.015625,0.0
207,2022-07-27,SBILIFE,0.003338536246965085,0.03338536246965085,1,0.0021739510769230768,-0.8114098310470581
208,2022-07-28,SBILIFE,-0.02908151807770049,-0.2908151807770049,1,0.121905303,0.35530956724882123
209,2022-07-29,SBILIFE,-0.09354803281319964,-0.9354803281319963,1,0.11868954547999999,-0.1526215612888336
210,2022-08-01,SBILIFE,-0.07882760773489723,-0.7882760773489723,-1,0.02308928571428572,0.9931776523590088
211,2022-08-02,SBILIFE,-0.030848452764810654,-0.3084845276481065,-1,0.050449999999999995,0.0
212,2022-08-03,SBILIFE,-0.007828326449850051,-0.07828326449850051,1,0.03939804291666667,0.0
213,2022-08-04,SBILIFE,0.009488400913984741,0.09488400913984742,1,0.08890043285714286,0.0
214,2022-08-05,SBILIFE,0.014663555036950533,0.14663555036950532,-1,0.028338578076923075,0.0
215,2022-08-08,SBILIFE,0.005419714603468047,0.05419714603468047,1,0.057300189375000005,0.0
216,2022-08-10,SBILIFE,0.0009572982219362747,0.009572982219362747,1,-0.06266666666666666,0.0
217,2022-07-27,NTPC,0.0014674493062966842,0.014674493062966842,1,0.009405302999999999,0.0
218,2022-07-28,NTPC,-0.0035375784274462767,-0.035375784274462765,1,0.0544591991,0.0
219,2022-07-29,NTPC,-0.015469393174877067,-0.15469393174877066,-1,0.054042476051282054,0.364714286
220,2022-08-01,NTPC,-0.030283080974325177,-0.30283080974325177,1,0.0488844696875,0.35015
221,2022-08-02,NTPC,-0.037318769910929125,-0.3731876991092913,1,0.17267612942307692,0.0
222,2022-08-03,NTPC,-0.024711168164313183,-0.24711168164313183,1,0.1373530702105263,-0.9985455274581909
223,2022-08-04,NTPC,0.012574200548924663,0.12574200548924663,-1,0.1167081443809524,-0.48390963673591614
224,2022-08-05,NTPC,0.01017811704834602,0.1017811704834602,-1,0.05377849925,0.9957190752029419
225,2022-08-08,NTPC,-0.01026746102167578,-0.10267461021675779,-1,0.04483333325,0.7504720017313957
226,2022-08-10,NTPC,0.008088141638007963,0.08088141638007962,1,0.12675,-0.19696764647960663
227,2022-07-26,ITC,-0.11416046563029525,-1.1416046563029525,1,-0.023676046090909106,0.0
228,2022-07-27,ITC,-0.008588672237697225,-0.08588672237697226,1,0.04353772096875,0.0
229,2022-07-28,ITC,-0.003671363365747029,-0.03671363365747029,1,0.16255169755555554,0.0
230,2022-07-29,ITC,-0.0006934354774797897,-0.006934354774797897,1,0.07755294575,0.0
231,2022-08-01,ITC,-0.011114033933973417,-0.11114033933973416,1,0.12772545032,0.0
232,2022-08-02,ITC,-0.014167920947581913,-0.14167920947581913,1,0.16656522774,0.13947731682232448
233,2022-08-03,ITC,-0.005645845571437956,-0.05645845571437956,-1,0.0448938672,0.5172810422049628
234,2022-08-04,ITC,-0.006078730943015975,-0.06078730943015975,-1,0.10037374241666668,0.0
235,2022-08-05,ITC,-0.0053688670396844175,-0.053688670396844176,1,0.10843720861538463,-0.7937653064727783
236,2022-08-08,ITC,-0.009119618458365506,-0.09119618458365507,-1,0.3375,0.0
237,2022-08-10,ITC,-0.002028528190102056,-0.02028528190102056,1,0.241,-0.002148926258087158
238,2022-08-11,ITC,0.012701892388536052,0.1270189238853605,1,0.0,-0.2964574297269185
239,2022-07-26,HDFCBANK,-0.1912698616203834,-1.912698616203834,-1,0.0,0.350666667
240,2022-07-27,HDFCBANK,-0.010650546919977103,-0.10650546919977104,1,0.03299858473076923,0.134
241,2022-07-28,HDFCBANK,-0.01144329749718004,-0.1144329749718004,1,0.02920132575,0.0
242,2022-07-29,HDFCBANK,-0.017769451304323117,-0.17769451304323117,1,0.040271588052631584,0.4404
243,2022-08-01,HDFCBANK,-0.019082920504273872,-0.19082920504273873,-1,0.06878611106666667,0.0
244,2022-08-02,HDFCBANK,-0.002720191815587738,-0.02720191815587738,-1,0.07222115384615385,0.233866667
245,2022-08-03,HDFCBANK,-0.0009705280650183092,-0.009705280650183092,1,0.0003593749999999999,0.09545
246,2022-08-04,HDFCBANK,0.0023132342079959425,0.023132342079959425,1,0.060925820666666665,0.17148453741073608
247,2022-08-05,HDFCBANK,0.004700827875769819,0.04700827875769819,1,-0.03142940772727273,0.7362930735111237
248,2022-08-08,HDFCBANK,-0.017453391511305146,-0.17453391511305147,-1,0.005034217100000001,0.02617633044719696
249,2022-08-10,HDFCBANK,-0.01531665027905101,-0.1531665027905101,1,0.008,0.002684168517589569
250,2022-08-11,HDFCBANK,-0.02138044823319135,-0.21380448233191351,1,0.0,-0.25506752729415894
251,2022-07-26,KOTAKBANK,-0.015858370336197452,-0.15858370336197453,-1,0.0,-0.022795626497268684
252,2022-07-27,KOTAKBANK,0.018839007036660027,0.18839007036660027,1,0.0002775974285714288,-0.3517707605361938
253,2022-07-28,KOTAKBANK,-0.019588818815972357,-0.19588818815972356,1,0.032984374999999996,0.6926148864746093
254,2022-07-29,KOTAKBANK,-0.01135741500094967,-0.1135741500094967,1,0.0481109848,-0.49855366349220276
255,2022-08-01,KOTAKBANK,-0.029793680565574986,-0.29793680565574987,-1,0.06295132575,0.9921177625656128
256,2022-08-02,KOTAKBANK,-0.03171909386530611,-0.3171909386530611,-1,0.09130613273333332,-0.3913017809391022
257,2022-08-03,KOTAKBANK,-0.0027301387820547348,-0.02730138782054735,1,0.03204461277777778,-0.2797803309440613
258,2022-08-04,KOTAKBANK,0.00645206688065304,0.0645206688065304,1,0.0139083333,-0.3519924586772919
259,2022-08-05,KOTAKBANK,0.00986945113325905,0.0986945113325905,-1,-0.06080324077777778,0.0
260,2022-08-08,KOTAKBANK,0.00293524619850472,0.0293524619850472,1,0.05797053866666667,0.9442651271820068
261,2022-08-10,KOTAKBANK,0.005618160854526034,0.05618160854526034,1,0.016,-0.9464525580406189
262,2022-07-26,BAJAJFINSV,-0.24988851178489108,-2.4988851178489107,1,0.0,0.370766667
263,2022-07-27,BAJAJFINSV,-0.028201847310242566,-0.28201847310242567,1,0.030229395615384617,0.0
264,2022-07-28,BAJAJFINSV,-0.0986607819508704,-0.986607819508704,1,0.08585555560000001,0.19979449582184347
265,2022-07-29,BAJAJFINSV,-0.091525005712379,-0.9152500571237899,1,0.027221861454545457,0.4588879813909531
266,2022-08-01,BAJAJFINSV,-0.05579355250844734,-0.5579355250844734,-1,0.0372208333,-0.8511144518852234
267,2022-08-02,BAJAJFINSV,-0.038567985488570385,-0.38567985488570383,-1,0.057277651500000006,0.0
268,2022-08-03,BAJAJFINSV,-0.01314222366371231,-0.1314222366371231,1,0.022696428571428572,0.0
269,2022-08-04,BAJAJFINSV,-0.0020119024916840237,-0.020119024916840235,-1,0.024556818181818183,0.0
270,2022-08-05,BAJAJFINSV,0.005052610196498495,0.05052610196498496,-1,0.021251033090909092,0.0
271,2022-08-08,BAJAJFINSV,-0.018138228933189338,-0.18138228933189338,-1,0.08049652775,0.47763144969940186
272,2022-08-10,BAJAJFINSV,-0.019912920905111556,-0.19912920905111556,1,0.016,0.0
273,2022-08-11,BAJAJFINSV,-0.01947087369520991,-0.19470873695209912,1,0.0,0.989573746919632
274,2022-07-26,SHREECEM,-0.050568565071374395,-0.5056856507137439,-1,0.08,0.296
275,2022-07-27,SHREECEM,-0.014864664597691509,-0.1486466459769151,1,0.035636138166666664,0.6808
276,2022-07-28,SHREECEM,0.014225929704728133,0.14225929704728132,1,0.08232500000000001,-0.15483066480954488
277,2022-07-29,SHREECEM,0.007537159255473816,0.07537159255473816,1,0.0335276515,0.35759499633312225
278,2022-08-01,SHREECEM,-0.01157758196883595,-0.11577581968835951,-1,0.0671261363,0.0
279,2022-08-02,SHREECEM,-0.014999293234572136,-0.14999293234572136,1,0.053003314375,-0.49996715784072876
280,2022-08-03,SHREECEM,-0.008221087995181321,-0.08221087995181321,1,0.04343235928571428,-0.9545459747314453
281,2022-08-04,SHREECEM,0.00730132254897538,0.0730132254897538,1,0.012763888833333334,0.0258
282,2022-08-05,SHREECEM,-0.011885873506404111,-0.11885873506404111,-1,0.0521734848,0.1813
283,2022-08-08,SHREECEM,-0.007507488950767276,-0.07507488950767276,1,0.063792803,0.0
284,2022-08-10,SHREECEM,-0.0032538760104485654,-0.032538760104485656,1,0.032,0.0
285,2022-07-27,APOLLOHOSP,0.0035288065098146404,0.0352880650981464,1,0.07464069257142858,0.0
286,2022-07-28,APOLLOHOSP,-0.01017284188703802,-0.1017284188703802,1,0.05123809514285715,0.0
287,2022-07-29,APOLLOHOSP,-0.011186595290107394,-0.11186595290107393,1,0.06734553866666666,0.0
288,2022-08-01,APOLLOHOSP,-0.02455236611601452,-0.2455236611601452,1,0.036840151499999994,0.0
289,2022-08-02,APOLLOHOSP,-0.02303901165430584,-0.2303901165430584,1,0.04088888883333334,0.9960798621177673
290,2022-08-03,APOLLOHOSP,-0.010475058435727587,-0.10475058435727587,1,0.055406250000000004,0.9842481017112732
291,2022-08-04,APOLLOHOSP,-0.020752688421732127,-0.20752688421732127,-1,0.04775757572727273,0.0
292,2022-08-05,APOLLOHOSP,-0.008138213649427909,-0.08138213649427908,1,-0.0018533951111111126,0.0
293,2022-08-08,APOLLOHOSP,-0.013903138339776128,-0.13903138339776128,1,0.049333333285714286,0.9470553040504456
294,2022-08-10,APOLLOHOSP,-0.025485312913602468,-0.25485312913602465,1,0.037333333333333336,-0.8087436556816101
295,2022-08-11,APOLLOHOSP,-0.00018966720179916177,-0.0018966720179916176,-1,0.0,-0.36293682030269075
296,2022-07-26,COALINDIA,0.8065429229901215,8.065429229901216,1,0.0,0.0
297,2022-07-27,COALINDIA,-0.014865067092332967,-0.14865067092332968,1,0.022562770545454545,0.0
298,2022-07-28,COALINDIA,-0.007599841049076104,-0.07599841049076103,1,0.005812499999999998,0.0
299,2022-07-29,COALINDIA,-0.03477834925300022,-0.3477834925300022,1,0.045005952363636366,0.0
300,2022-08-01,COALINDIA,-0.030166569823745975,-0.30166569823745976,1,0.01658534565625,0.9796507358551025
301,2022-08-02,COALINDIA,-0.02936253646406205,-0.2936253646406205,-1,0.02284259253333333,-0.801446259021759
302,2022-08-03,COALINDIA,-0.005976095617529837,-0.05976095617529837,1,-0.033963541625,0.8268136382102966
303,2022-08-04,COALINDIA,0.02149267831837498,0.2149267831837498,1,0.0117767856875,0.0
304,2022-08-05,COALINDIA,0.012740361845221303,0.12740361845221304,1,0.100678872,0.0
305,2022-08-08,COALINDIA,-0.01762176973590962,-0.1762176973590962,1,0.1124583334,0.995337724685669
306,2022-08-10,COALINDIA,-0.03415024225034099,-0.3415024225034099,1,0.024875,0.1862196241106306
307,2022-08-11,COALINDIA,-0.022020664827715083,-0.22020664827715083,1,0.0,0.2028294841448466
308,2022-07-26,ADANIPORTS,-0.16098135548564077,-1.6098135548564076,-1,0.08,-0.5648834705352783
309,2022-07-27,ADANIPORTS,-0.009301523273711422,-0.09301523273711422,1,0.08138194433333333,0.0
310,2022-07-28,ADANIPORTS,-0.011658219640328786,-0.11658219640328786,1,0.036365079333333335,0.0
311,2022-07-29,ADANIPORTS,-0.008078354761213494,-0.08078354761213494,1,0.026564393909090912,0.0
312,2022-08-01,ADANIPORTS,-0.04351166909772881,-0.43511669097728806,-1,0.029142857142857144,0.0
313,2022-08-02,ADANIPORTS,-0.030598088582879376,-0.30598088582879374,1,0.024123015904761905,0.0
314,2022-08-03,ADANIPORTS,-0.024638545805354323,-0.24638545805354323,1,0.007359374999999998,0.104909091
315,2022-08-04,ADANIPORTS,-0.013700178315794865,-0.13700178315794864,1,0.028855555533333337,0.613232817029953
316,2022-08-05,ADANIPORTS,-0.005709675417364889,-0.05709675417364889,1,0.0840958333,0.133966667
317,2022-08-08,ADANIPORTS,0.005063731026522583,0.05063731026522583,1,0.1104189857857143,-0.02288182486187328
318,2022-08-10,ADANIPORTS,0.015970026637456797,0.15970026637456797,1,0.037333333333333336,0.24601755232810973
319,2022-08-11,ADANIPORTS,0.009669077689914938,0.09669077689914937,-1,0.0,-0.8835933208465576
320,2022-07-26,HINDALCO,0.17654922592608555,1.7654922592608555,-1,0.015625,0.0
321,2022-07-27,HINDALCO,-0.014857948610821119,-0.1485794861082112,1,0.07892352088888889,0.0
322,2022-07-28,HINDALCO,-0.01592233009708732,-0.1592233009708732,1,0.08239371658823529,0.0
323,2022-07-29,HINDALCO,-0.05607999796442844,-0.5607999796442844,1,0.10564686788235293,0.00031939148902893066
324,2022-08-01,HINDALCO,-0.058941058941059,-0.58941058941059,-1,0.030875,0.0
325,2022-08-02,HINDALCO,-0.02624478783419178,-0.2624478783419178,-1,0.0297208333,0.0
326,2022-08-03,HINDALCO,-0.0034639794583595923,-0.03463979458359592,1,0.006772727272727271,0.0
327,2022-08-04,HINDALCO,-0.007213146078150334,-0.07213146078150334,1,0.034608262413793105,0.1090373634338379
328,2022-08-05,HINDALCO,0.0168250245315081,0.16825024531508098,1,0.019220441615384613,-0.3182
329,2022-08-08,HINDALCO,-0.009800867460640574,-0.09800867460640574,1,-0.003940124999999998,0.995337724685669
330,2022-08-10,HINDALCO,-0.043756670224119644,-0.4375667022411964,1,0.030970877545454543,0.314290193716685
331,2022-08-11,HINDALCO,-0.01880141010575793,-0.18801410105757932,1,0.0,0.5128560364246368
332,2022-07-26,GRASIM,-0.17744217137171991,-1.7744217137171991,-1,0.0078125,0.5107366442680359
333,2022-07-27,GRASIM,-0.024926618209285458,-0.2492661820928546,1,0.10704999993333333,0.6009532748699188
334,2022-07-28,GRASIM,-0.01583433239650693,-0.1583433239650693,1,0.08820512266666666,-0.9672192931175232
335,2022-07-29,GRASIM,-0.02358208178245155,-0.2358208178245155,1,0.054097064375000004,0.0
336,2022-08-01,GRASIM,-0.011388111482260283,-0.11388111482260282,-1,0.017166666666666663,0.0
337,2022-08-02,GRASIM,-0.015398469733161252,-0.15398469733161252,1,0.0477984848,0.0
338,2022-08-03,GRASIM,-0.00833047390293166,-0.0833047390293166,1,0.006772727272727271,0.0
339,2022-08-04,GRASIM,8.863620535748884e-05,0.0008863620535748884,1,-0.0033194444444444473,0.0
340,2022-08-05,GRASIM,-0.008677542519958349,-0.08677542519958349,-1,0.04653345958333333,0.0
341,2022-08-08,GRASIM,-0.005060983276751026,-0.050609832767510264,-1,-0.015944518588235295,0.0
342,2022-08-10,GRASIM,-0.010088976116277265,-0.10088976116277265,1,0.032,0.0
343,2022-07-26,HDFCLIFE,0.2964089997172441,2.964089997172441,1,0.0514285715,0.0
344,2022-07-27,HDFCLIFE,0.01077942041637421,0.10779420416374211,1,-0.05967708333333333,0.0
345,2022-07-28,HDFCLIFE,-0.00790626244240934,-0.07906262442409341,1,0.08366887624999998,0.0
346,2022-07-29,HDFCLIFE,-0.045096231633209846,-0.4509623163320985,1,-0.018435283315789475,0.9750580787658691
347,2022-08-01,HDFCLIFE,-0.019910719288742728,-0.1991071928874273,-1,0.06420443063636364,0.0
348,2022-08-02,HDFCLIFE,0.00014853875004628328,0.0014853875004628328,1,0.02763877409090909,0.0
349,2022-08-03,HDFCLIFE,0.01117473217584033,0.1117473217584033,1,0.03877127038461539,0.0
350,2022-08-04,HDFCLIFE,0.013208869866804562,0.13208869866804562,1,0.0024381313333333332,0.0
351,2022-08-05,HDFCLIFE,-0.0008166143909725893,-0.008166143909725893,1,0.027607884333333336,0.0
352,2022-08-08,HDFCLIFE,0.00037247415960526203,0.00372474159605262,1,0.06083857807692308,0.0
353,2022-08-10,HDFCLIFE,-0.006456654820162677,-0.06456654820162677,1,-0.03227777775,0.0
354,2022-07-26,INFY,-0.11020579909723831,-1.102057990972383,-1,0.109781746,-0.083483333
355,2022-07-27,INFY,0.014701942397856695,0.14701942397856693,1,-0.02433751669230769,0.228033333
356,2022-07-28,INFY,-0.018457614605007045,-0.18457614605007044,1,0.08026461035714286,0.407
357,2022-07-29,INFY,-0.03411229297067899,-0.3411229297067899,1,-0.0008328776315789472,0.0
358,2022-08-01,INFY,-0.028500003315495823,-0.28500003315495825,-1,0.07397297973333333,0.0
359,2022-08-02,INFY,-0.011162351954721704,-0.11162351954721704,1,0.022183501666666664,0.19957602162361146
360,2022-08-03,INFY,-0.013283125319461263,-0.13283125319461264,1,0.04385723906666667,0.8013180644989013
361,2022-08-04,INFY,-0.024217864756380908,-0.24217864756380908,1,0.11479370083333335,0.4910421073436737
362,2022-08-05,INFY,-0.026144745026849336,-0.26144745026849336,1,0.026265361944444444,0.514698387455714
363,2022-08-08,INFY,-0.01904815842630887,-0.1904815842630887,1,0.0805250946875,-0.926148533821106
364,2022-08-10,INFY,-0.0009682053844712065,-0.009682053844712065,1,0.016,0.3224057157834371
365,2022-08-11,INFY,-0.005137528154026552,-0.051375281540265515,1,0.0,0.9743736982345581
366,2022-07-26,HEROMOTOCO,-0.07895862146013354,-0.7895862146013354,-1,0.0,0.7772580444335937
367,2022-07-27,HEROMOTOCO,0.016179273134840157,0.16179273134840158,1,-0.011040404,0.7777445673465728
368,2022-07-28,HEROMOTOCO,0.012146122939084833,0.12146122939084833,1,0.0008607142999999997,0.0
369,2022-07-29,HEROMOTOCO,-0.004946187477266205,-0.04946187477266205,1,0.0304208333,0.5574
370,2022-08-01,HEROMOTOCO,-0.012918201364202169,-0.1291820136420217,-1,0.08507512625000001,0.0
371,2022-08-02,HEROMOTOCO,0.009740201735799786,0.09740201735799786,1,-0.008724862272727276,-0.9998431205749512
372,2022-08-03,HEROMOTOCO,0.0002426335733502117,0.002426335733502117,1,0.02036604681818182,0.0
373,2022-08-04,HEROMOTOCO,0.00029916234543284,0.0029916234543284,1,0.01739814811111111,0.0
374,2022-08-05,HEROMOTOCO,0.009887899026933563,0.09887899026933564,-1,0.0187833333,0.0
375,2022-08-08,HEROMOTOCO,0.014316982381867627,0.14316982381867627,1,0.0320125,0.0
376,2022-08-10,HEROMOTOCO,0.0011408540930390168,0.011408540930390168,1,0.037333333333333336,0.0
377,2022-08-11,HEROMOTOCO,-0.0036032140669477173,-0.03603214066947717,-1,0.0,0.8080829977989197
378,2022-07-26,RELIANCE,0.04035160027265672,0.4035160027265672,-1,0.13740079366666666,0.10115
379,2022-07-27,RELIANCE,0.012611730133463978,0.12611730133463978,1,0.011987499933333335,0.1011
380,2022-07-28,RELIANCE,-0.005253123644784166,-0.05253123644784166,1,0.2315536398275862,0.11315
381,2022-07-29,RELIANCE,-0.0261374834902862,-0.261374834902862,1,0.33533333333333337,-0.1728
382,2022-08-01,RELIANCE,-0.03974689269186984,-0.3974689269186984,-1,0.0938501984,0.095316667
383,2022-08-02,RELIANCE,-0.03013092604770726,-0.3013092604770726,1,0.1761515152,0.17
384,2022-08-03,RELIANCE,-0.023510885614652338,-0.23510885614652338,1,0.08272803368750001,0.3506922125816345
385,2022-08-04,RELIANCE,-0.0009574070614608773,-0.009574070614608772,1,0.0250624098,-0.5155459766761628
386,2022-08-05,RELIANCE,0.01567385942082464,0.1567385942082464,-1,0.052344309481481485,-0.43508756189346315
387,2022-08-08,RELIANCE,0.002199929260225321,0.02199929260225321,1,0.12483286815789472,0.5868609231076914
388,2022-08-10,RELIANCE,-0.003934099938578239,-0.039340999385782394,1,-0.012090909166666663,0.21495890617370605
389,2022-08-11,RELIANCE,-0.00847302604180838,-0.08473026041808379,-1,0.0,0.052993327379226685
390,2022-07-27,UPL,0.0010797641130706453,0.010797641130706453,1,0.06421442193333333,0.0
391,2022-07-28,UPL,-0.0010730204149011894,-0.010730204149011893,1,0.061491833909090916,0.0
392,2022-07-29,UPL,-0.015010819842769772,-0.15010819842769774,1,0.077855303,0.0
393,2022-08-01,UPL,-0.04143481447300574,-0.4143481447300574,-1,0.0960392315625,0.4209892849127452
394,2022-08-02,UPL,-0.00017580158762356207,-0.0017580158762356207,1,0.16230226607894735,0.0363447706302007
395,2022-08-03,UPL,0.013582045264492526,0.13582045264492526,1,0.05372985346153846,0.0
396,2022-08-04,UPL,0.014119612519030664,0.14119612519030664,1,0.06996003399999999,0.0
397,2022-08-05,UPL,-0.0010098290022889456,-0.010098290022889455,-1,0.0514174242,0.0
398,2022-08-08,UPL,-0.013652477471382455,-0.13652477471382454,1,0.013810606,0.0
399,2022-08-10,UPL,-0.028352593388873835,-0.28352593388873837,1,0.0224,0.0
400,2022-07-26,TCS,-0.16278375483731347,-1.6278375483731347,-1,0.0775396826,0.0
401,2022-07-27,TCS,-0.007866723978811323,-0.07866723978811323,1,0.10969065654166667,0.0
402,2022-07-28,TCS,-0.02512104634345724,-0.2512104634345724,1,0.04241119527777778,0.1410200386285782
403,2022-07-29,TCS,-0.029662153312668894,-0.29662153312668893,1,0.01314653105263158,-0.9791877865791321
404,2022-08-01,TCS,-0.020292652148497344,-0.20292652148497345,-1,0.19447835496551724,0.130801131327947
405,2022-08-02,TCS,-0.007168711008851596,-0.07168711008851596,-1,0.0818054766875,-0.9317465424537659
406,2022-08-03,TCS,-0.012429892375322117,-0.12429892375322117,1,0.08135126151515151,0.5574
407,2022-08-04,TCS,-0.011322153861921416,-0.11322153861921416,1,0.16430777772,-0.9967414438724518
408,2022-08-05,TCS,-0.010519456339601486,-0.10519456339601485,-1,0.06144030577777778,0.7813863754272461
409,2022-08-08,TCS,-0.008758949523937559,-0.08758949523937559,1,0.08654448621052632,0.0
410,2022-08-10,TCS,0.0010096377217332195,0.010096377217332194,1,0.07245021657142857,0.9888170957565308
411,2022-08-11,TCS,-0.014302479965858908,-0.14302479965858908,-1,0.0,0.6039308706919352
412,2022-07-26,TECHM,0.3338155201951856,3.338155201951856,1,0.0478125,0.24748965553442637
413,2022-07-27,TECHM,0.009330082387871886,0.09330082387871885,1,-0.006769967500000003,-0.15303461419211495
414,2022-07-28,TECHM,-0.01945609365639032,-0.19456093656390322,1,0.0658549558125,0.4641336500644684
415,2022-07-29,TECHM,-0.0258956348196991,-0.258956348196991,1,0.0549708565,0.0059919655323028564
416,2022-08-01,TECHM,-0.02036649978126653,-0.2036649978126653,-1,0.06512331644444444,0.0
417,2022-08-02,TECHM,0.002607939727615228,0.026079397276152282,-1,0.05516702738461539,-0.2305971086025238
418,2022-08-03,TECHM,-0.007995786651345529,-0.0799578665134553,1,0.03571915578571429,-0.19857298736572265
419,2022-08-04,TECHM,-0.007767842658243429,-0.07767842658243429,1,0.02178650136363636,0.0
420,2022-08-05,TECHM,-0.00798232077880028,-0.07982320778800281,-1,0.04891450214285714,0.0
421,2022-08-08,TECHM,-0.005117863054355779,-0.051178630543557785,-1,0.07483922555555556,0.0
422,2022-08-10,TECHM,0.0005114895712959286,0.005114895712959286,1,0.42733333333333334,0.20947174231211343
423,2022-08-11,TECHM,-0.015641204533026528,-0.1564120453302653,1,0.0,0.8807779749234518
424,2022-07-27,DIVISLAB,-0.004949838101809978,-0.04949838101809978,1,0.01545,0.6009532748699188
425,2022-07-28,DIVISLAB,-0.018741250598730462,-0.18741250598730463,1,0.05652134981818182,0.0
426,2022-07-29,DIVISLAB,-0.012108373109057281,-0.12108373109057281,1,0.04373921907692308,-0.9943751096725464
427,2022-08-01,DIVISLAB,-0.0013746738118041422,-0.013746738118041422,-1,0.08722210745454545,0.0
428,2022-08-02,DIVISLAB,-0.0019200695730531155,-0.019200695730531157,1,0.050509154,0.0
429,2022-08-03,DIVISLAB,0.0009413118226149928,0.009413118226149928,1,0.019620370333333335,0.0
430,2022-08-04,DIVISLAB,-0.014613206685542059,-0.1461320668554206,1,0.038887820461538464,0.0
431,2022-08-05,DIVISLAB,-0.016615301460920016,-0.16615301460920018,-1,0.03446037292307692,0.0
432,2022-08-08,DIVISLAB,-0.015698757203217287,-0.15698757203217287,1,0.07169412875,0.0
433,2022-08-10,DIVISLAB,-0.012118353872337105,-0.12118353872337105,-1,0.032,0.0
434,2022-07-26,ICICIBANK,0.4416866489980789,4.416866489980789,-1,0.0,0.0
435,2022-07-27,ICICIBANK,-0.004706620646375902,-0.047066206463759024,1,0.04032133833333334,0.0
436,2022-07-28,ICICIBANK,-0.015115829875260127,-0.15115829875260128,1,0.08649007938461538,0.4019
437,2022-07-29,ICICIBANK,-0.015405988737006571,-0.1540598873700657,1,0.012044871769230768,0.0
438,2022-08-01,ICICIBANK,-0.01569053140573335,-0.1569053140573335,-1,0.08463613816666667,-0.4385334551334381
439,2022-08-02,ICICIBANK,-0.003411168509270246,-0.03411168509270246,-1,0.07875619836363636,0.2683025537967682
440,2022-08-03,ICICIBANK,-0.00606223241403709,-0.0606223241403709,-1,0.02720587372727273,0.49448244376182554
441,2022-08-04,ICICIBANK,0.0008648411615669902,0.008648411615669902,1,0.059677645466666665,0.6908
442,2022-08-05,ICICIBANK,-0.016147803316846288,-0.16147803316846288,-1,0.045346354124999995,-0.030485318027223856
443,2022-08-08,ICICIBANK,-0.011309948162737742,-0.11309948162737742,1,0.07825295163636364,0.9589431881904602
444,2022-08-10,ICICIBANK,-0.01794216769210477,-0.1794216769210477,1,-0.014666666666666668,-0.9992954730987549
445,2022-08-11,ICICIBANK,-0.022515075466536565,-0.22515075466536566,-1,0.0,0.5879964172840119
446,2022-07-27,SBIN,-0.02128811461938573,-0.2128811461938573,1,0.12976334775,0.0
447,2022-07-28,SBIN,-0.021447618316803314,-0.21447618316803313,1,0.04135648144444445,0.0
448,2022-07-29,SBIN,-0.007916825639069014,-0.07916825639069014,1,0.0177357143,0.0
449,2022-08-01,SBIN,-0.012059386791558456,-0.12059386791558456,-1,-0.017472285400000002,0.0
450,2022-08-02,SBIN,-0.017130420098692225,-0.17130420098692226,-1,0.05611093071428571,0.0
451,2022-08-03,SBIN,-0.00999066293183923,-0.0999066293183923,1,0.01952013885,0.102871429
452,2022-08-04,SBIN,0.004499122577754698,0.04499122577754698,1,0.016749999999999998,-0.0209
453,2022-08-05,SBIN,0.009604625139873351,0.09604625139873352,-1,0.011072987903225808,0.00645
454,2022-08-08,SBIN,0.024609675182276528,0.24609675182276528,1,0.08371353017391304,-0.3279616524219513
455,2022-08-10,SBIN,0.02528169680901413,0.2528169680901413,1,0.032,-0.8388660550117493
456,2022-08-11,SBIN,0.00015243031076715745,0.0015243031076715746,1,0.0,-0.5616798400878906
457,2022-07-26,SUNPHARMA,-0.08323553646782686,-0.8323553646782686,-1,0.015625,0.3454
458,2022-07-27,SUNPHARMA,-0.0219128287781627,-0.219128287781627,1,0.04041745372727273,-0.5267
459,2022-07-28,SUNPHARMA,-0.017025242365349316,-0.17025242365349316,1,0.0796422348,-0.45323066049575805
460,2022-07-29,SUNPHARMA,-0.05549400745291574,-0.5549400745291574,-1,0.11795684326086957,0.25381189346578387
461,2022-08-01,SUNPHARMA,-0.016620927762039765,-0.16620927762039767,-1,0.050809523809523804,0.658169049334526
462,2022-08-02,SUNPHARMA,-0.003995183887915912,-0.039951838879159124,-1,0.04311742418181818,-0.8739668130874634
463,2022-08-03,SUNPHARMA,0.01881426383723479,0.1881426383723479,1,0.04135648144444445,-0.9756812751293182
464,2022-08-04,SUNPHARMA,0.0004679355337185096,0.004679355337185096,1,0.009496794846153846,0.0
465,2022-08-05,SUNPHARMA,-0.002703945351841465,-0.02703945351841465,1,0.013563888866666667,0.0
466,2022-08-08,SUNPHARMA,0.0015573249106184035,0.015573249106184035,1,0.0174007575,0.0
467,2022-08-10,SUNPHARMA,-0.008100316778288066,-0.08100316778288066,1,0.056,-0.9992954730987549
468,2022-07-26,INDUSINDBK,-0.015363497175439595,-0.15363497175439594,-1,0.020446428666666665,0.0
469,2022-07-27,INDUSINDBK,-0.021902377972465584,-0.21902377972465584,1,0.02503611113333333,0.9453214406967163
470,2022-07-28,INDUSINDBK,-0.046241467225923205,-0.46241467225923205,1,0.07090625,0.2119118505001068
471,2022-07-29,INDUSINDBK,-0.05093007563473765,-0.5093007563473765,-1,0.04216005288888889,0.13021738921801249
472,2022-08-01,INDUSINDBK,-0.03133211045560472,-0.31332110455604717,-1,0.11310256399999999,0.0
473,2022-08-02,INDUSINDBK,-0.0364870639421958,-0.364870639421958,-1,0.05253072388888889,-0.06927105784416199
474,2022-08-03,INDUSINDBK,-0.012359142130134568,-0.12359142130134568,1,-0.019361111111111114,0.0
475,2022-08-04,INDUSINDBK,0.0015971403582156105,0.015971403582156107,1,0.0012142857142857125,0.9965617060661316
476,2022-08-05,INDUSINDBK,0.013461025855831936,0.13461025855831937,-1,0.04251136366666667,-0.9993915557861328
477,2022-08-08,INDUSINDBK,0.0021378687823649578,0.02137868782364958,-1,0.046444444333333335,0.98820481300354
478,2022-08-10,INDUSINDBK,-0.01091649074760847,-0.1091649074760847,1,0.032,0.0
479,2022-08-11,INDUSINDBK,-0.02216328850161024,-0.2216328850161024,-1,0.0,0.9001545757055283
480,2022-07-26,ONGC,0.6000623927624396,6.000623927624396,1,0.08,0.0
481,2022-07-27,ONGC,0.014030514452196675,0.14030514452196674,1,-0.0044594155714285716,0.0
482,2022-07-28,ONGC,-0.003003234252271791,-0.03003234252271791,1,0.005977272727272725,0.0
483,2022-07-29,ONGC,-0.030337941628264344,-0.3033794162826434,-1,0.025123316444444446,0.8665069937705994
484,2022-08-01,ONGC,-0.049120679199515,-0.49120679199515005,-1,0.21376202239130435,0.0
485,2022-08-02,ONGC,-0.023050441550665948,-0.23050441550665948,-1,0.21288189584615386,0.0
486,2022-08-03,ONGC,-0.004591572243205247,-0.04591572243205247,-1,0.06620175436842106,0.8442822694778442
487,2022-08-04,ONGC,-0.0001468105409969187,-0.001468105409969187,-1,6.0101000000002215e-05,0.45428801848888395
488,2022-08-05,ONGC,0.001463057790782653,0.01463057790782653,-1,0.056470730000000004,0.9975394010543823
489,2022-08-08,ONGC,-0.0013204225352113177,-0.013204225352113177,-1,0.09398971857142857,-0.8561798334121704
490,2022-08-10,ONGC,0.014292028878738747,0.14292028878738747,1,-0.04714166680000001,0.0
491,2022-08-11,ONGC,0.017533476363098353,0.17533476363098352,1,0.0,0.9699298739433289
492,2022-07-26,AXISBANK,-0.1723754522221118,-1.7237545222211181,1,0.015625,0.0
493,2022-07-27,AXISBANK,0.0011947597282616434,0.011947597282616434,1,0.07708857807692307,0.0
494,2022-07-28,AXISBANK,-0.005568792597107527,-0.05568792597107527,1,0.0691205356875,0.6436036229133606
495,2022-07-29,AXISBANK,-0.005647444080590465,-0.05647444080590465,1,0.1199930555,-0.3678800066312154
496,2022-08-01,AXISBANK,-0.013072348448091756,-0.13072348448091756,-1,0.04794318176923077,0.9996938705444336
497,2022-08-02,AXISBANK,-0.0058939366814934335,-0.058939366814934335,-1,0.2475926573076923,-0.6130549311637878
498,2022-08-03,AXISBANK,-0.0027728969909949232,-0.027728969909949233,1,0.027422311294117645,-0.11770184338092804
499,2022-08-04,AXISBANK,0.008273549380170943,0.08273549380170943,1,0.03672968318181818,-0.0911652799208959
500,2022-08-05,AXISBANK,-0.00017848071721789126,-0.0017848071721789126,1,-0.010093719483870965,-0.9936926364898682
501,2022-08-08,AXISBANK,-0.019457966416889873,-0.19457966416889874,-1,-0.02286076613043478,0.9740245938301086
502,2022-08-10,AXISBANK,-0.008144277860387744,-0.08144277860387744,1,0.008,-0.24828729033470154
503,2022-08-11,AXISBANK,-0.027277649925544843,-0.27277649925544845,1,0.0,-0.08906025687853496
504,2022-07-26,DRREDDY,-0.16701762163360306,-1.6701762163360305,-1,0.0,0.5107366442680359
505,2022-07-27,DRREDDY,0.006626277047447583,0.06626277047447583,1,0.0331258658,-0.6180127263069153
506,2022-07-28,DRREDDY,0.007543512649012356,0.07543512649012356,-1,0.047510416666666666,0.9904496073722839
507,2022-07-29,DRREDDY,0.03433825959677045,0.3433825959677045,1,0.030614011,0.40681955218315125
508,2022-08-01,DRREDDY,0.019402258706325434,0.19402258706325434,1,0.036582251071428575,0.0
509,2022-08-02,DRREDDY,0.01945536498610351,0.1945536498610351,1,0.013951923076923075,0.0
510,2022-08-03,DRREDDY,0.007801846186638772,0.07801846186638772,1,0.004805555555555553,0.0
511,2022-08-04,DRREDDY,-0.010194613366974341,-0.10194613366974342,1,0.014350694416666665,0.0
512,2022-08-05,DRREDDY,-0.009093579389181415,-0.09093579389181415,-1,0.032297865,0.0
513,2022-08-08,DRREDDY,-0.019647655584178567,-0.19647655584178567,1,0.024608471090909093,0.995337724685669
514,2022-08-10,DRREDDY,-0.016712391129853482,-0.16712391129853482,1,0.016,0.0
515,2022-07-26,JSWSTEEL,0.5479501780974204,5.479501780974204,-1,0.022857143,0.5107366442680359
516,2022-07-27,JSWSTEEL,-0.019469206177371245,-0.19469206177371245,1,0.09213162875000001,0.0
517,2022-07-28,JSWSTEEL,-0.03296371980838174,-0.3296371980838174,1,0.05606470958333334,-0.8180727362632751
518,2022-07-29,JSWSTEEL,-0.03817297386429215,-0.3817297386429215,1,0.07157554946153845,0.0
519,2022-08-01,JSWSTEEL,-0.03566162769973588,-0.3566162769973588,-1,0.027429487153846153,0.0
520,2022-08-02,JSWSTEEL,-0.033982594280978114,-0.3398259428097811,1,0.12412026516666667,0.0
521,2022-08-03,JSWSTEEL,-0.02416065265139626,-0.2416065265139626,1,0.028053030272727274,-0.9680996835231781
522,2022-08-04,JSWSTEEL,-0.026927179138392033,-0.2692717913839203,1,0.04788425922222222,0.0
523,2022-08-05,JSWSTEEL,-0.01942118452417322,-0.19421184524173218,1,0.06156060605263158,0.0
524,2022-08-08,JSWSTEEL,-0.013263884682938806,-0.13263884682938806,1,0.04468235928571429,0.995244562625885
525,2022-08-10,JSWSTEEL,-0.008093633409555896,-0.08093633409555895,1,0.016,0.21094985802968344
526,2022-07-26,WIPRO,0.1261403092583406,1.261403092583406,-1,0.015625,0.37754763313531875
527,2022-07-27,WIPRO,0.00889592980745804,0.0889592980745804,1,-0.04728957303571428,0.08845675587654114
528,2022-07-28,WIPRO,-0.0129047966885805,-0.129047966885805,1,0.008270833333333331,0.2023
529,2022-07-29,WIPRO,-0.025237738040506223,-0.25237738040506225,1,-0.0038107652352941147,0.48623332381248474
530,2022-08-01,WIPRO,-0.030977385787411948,-0.3097738578741195,-1,0.056760822499999995,0.0
531,2022-08-02,WIPRO,-0.02045179220409053,-0.2045179220409053,-1,0.035195202,0.4588
532,2022-08-03,WIPRO,-0.014596484640837367,-0.14596484640837368,1,0.06130850166666667,0.010813027620315552
533,2022-08-04,WIPRO,-0.012720042787712415,-0.12720042787712416,1,0.054986518387096776,0.5343845135373154
534,2022-08-05,WIPRO,-0.015486164001015304,-0.15486164001015304,1,0.07315353533333332,0.0
535,2022-08-08,WIPRO,-0.0027377720517185794,-0.027377720517185795,-1,0.06867794606666666,0.0
536,2022-08-10,WIPRO,0.010626308162936736,0.10626308162936736,1,0.012210437909090906,-0.008359938859939575
537,2022-08-11,WIPRO,-0.005642331246129582,-0.056423312461295824,1,0.0,0.9097640514373779
538,2022-07-26,HCLTECH,-0.10665568289196321,-1.066556828919632,-1,0.08,0.5965527653694153
539,2022-07-27,HCLTECH,-0.005403590843133442,-0.05403590843133442,1,0.049253908111111105,0.9038313746452331
540,2022-07-28,HCLTECH,-0.019735069358367798,-0.197350693583678,1,0.09919811754545454,0.9941369295120239
541,2022-07-29,HCLTECH,-0.016048509781234496,-0.16048509781234496,1,0.059259154,0.9990113973617554
542,2022-08-01,HCLTECH,-0.01538838885808125,-0.1538838885808125,-1,0.07722610025,0.0
543,2022-08-02,HCLTECH,-0.006157231573267936,-0.06157231573267936,-1,0.08147643099999999,0.0
544,2022-08-03,HCLTECH,-0.006540621253864584,-0.06540621253864584,1,0.033784632,0.0
545,2022-08-04,HCLTECH,-0.0049508066038726865,-0.049508066038726865,1,0.048066919166666666,0.0
546,2022-08-05,HCLTECH,-0.0026171159382360636,-0.026171159382360636,-1,0.0969562288888889,-0.7725121378898621
547,2022-08-08,HCLTECH,-0.008371345364967675,-0.08371345364967675,-1,0.060555303000000005,0.0
548,2022-08-10,HCLTECH,0.006449391064775629,0.0644939106477563,1,0.032,-0.33847200870513916
549,2022-07-26,POWERGRID,0.41969860960785954,4.196986096078596,1,0.019241071499999998,0.0
550,2022-07-27,POWERGRID,-0.0031430068098480717,-0.031430068098480715,1,0.023527651499999996,0.0
551,2022-07-28,POWERGRID,-0.01820601796834128,-0.18206017968341281,1,0.02597348488888889,0.0
552,2022-07-29,POWERGRID,-0.013212729683652169,-0.1321272968365217,1,0.04446552257142857,0.0
553,2022-08-01,POWERGRID,-0.02615175516708072,-0.2615175516708072,1,0.05691066916666667,-0.14284466609954832
554,2022-08-02,POWERGRID,-0.030221687416115153,-0.3022168741611515,1,0.07920202016666666,0.0
555,2022-08-03,POWERGRID,-0.022592152199762176,-0.22592152199762178,1,-0.0327333333,0.0
556,2022-08-04,POWERGRID,-0.00372761160105461,-0.037276116010546104,1,0.025060185111111112,0.0
557,2022-08-05,POWERGRID,-0.007795602018745577,-0.07795602018745576,1,0.09681926407142857,0.0
558,2022-08-08,POWERGRID,0.002741449822479822,0.02741449822479822,-1,0.3392857142857143,-0.37737786769866943
559,2022-08-10,POWERGRID,-0.0036373433921595144,-0.036373433921595144,1,0.056,0.491092711687088
560,2022-07-26,TATASTEEL,-0.185867013038917,-1.8586701303891702,1,0.0,0.368
561,2022-07-27,TATASTEEL,-0.012035991940843224,-0.12035991940843224,-1,0.11459097237931035,0.0
562,2022-07-28,TATASTEEL,0.8715437788018433,8.715437788018432,1,0.16921016277083334,0.0
563,2022-07-29,TATASTEEL,0.8251856184302448,8.251856184302449,1,0.1711670194222222,0.2827237382054329
564,2022-08-01,TATASTEEL,0.7567525055053705,7.567525055053705,-1,0.056092105263157895,0.9927156766255697
565,2022-08-02,TATASTEEL,0.6130478808042817,6.130478808042818,-1,0.0068822434736842105,-0.818291038274765
566,2022-08-03,TATASTEEL,-0.00942951438000943,-0.0942951438000943,1,0.05742948715384615,0.34756805499394733
567,2022-08-04,TATASTEEL,-0.0016741071428573388,-0.01674107142857339,-1,0.013155092555555557,-0.9392625391483307
568,2022-08-05,TATASTEEL,0.0011165906764678938,0.011165906764678938,1,0.0736583333,0.0
569,2022-08-08,TATASTEEL,0.000559388402013687,0.00559388402013687,1,0.06931365117647059,0.0
570,2022-08-10,TATASTEEL,-0.013927576601671309,-0.1392757660167131,1,0.0238125,0.0
